id,number,kiosk_price,new_price,old_price,diff
15944,9979BRG-1,69,,69,69
14782,1288-305,129,129,123,0
16065,9999GY-1,239,239,229,0
15539,MT-G08T,115,115,109,0
12105,5470-13,69,69,65,0
14993,468CP,135,135,129,0
13432,1737NC-6,76,76,76,0
12864,1707-5,311,311,299,0
13521,5790-1*,79,,79,79
12850,1711-6,43,43,42,0
12070,1935A,140,140,135,0
15996,1219GY-2,189,189,179,0
15950,9940BK-1,99,,99,99
12739,1955-6,32,32,32,0
13106,1928-4,109,109,99,0
13567,1385K-1EK*,379,,379,379
15506,5887K-1EK*,225,225,219,0
13031,1927-4,159,159,149,0
12657,5400K-1EK*,369,369,359,0
16004,1219BU-1,115,115,109,0
14676,3257RF-30,149,149,139,0
15949,9940BK-2,139,,139,139
14012,8480RED-2PW,479,479,459,0
15151,1711NC-4,105,105,99,0
15929,9935GY-1,125,125,119,0
15851,5547S,33,33,32,0
12507,1393BK-50,269,,269,269
15528,815KN-1,112,112,109,0
16039,9903GY-2,339,339,319,0
14414,1386-10*,438,,438,438
16027,9911DBR-2,359,359,339,0
12875,5873N-BH,113,113,109,0
12134,5409S,70,,70,70
14250,1270F1S,129,,129
12351,2546-40*,289,,289
15281,5424K-1CK*,389,389,379,0
12165,5425-40,309,309,299,0
16041,9903GY-1,209,209,199,0
15453,5876KBE-1CK*,209,,209,209
15990,1225-1,157,157,149,0
11956,5530S,52,52,50,0
12172,2615DC-40,349,,349
13310,2147W-9,125,,125,125
16020,9668NDB-1,215,215,205,0
15139,1600K-1CK*,409,409,399,0
12179,2615DC-40,349,,349
15140,1600K-1EK*,409,409,399,0
13487,1737W-1*,365,365,359,0
16056,9980-1,219,219,209,0
14654,5428-05,189,189,179,0
13122,1916F-1*,299,,299,299
12254,1808-40,459,459,449,0
12337,2588-92*,390,390,367,0
12496,626-36*,257,,257
16062,9920RF-1PWH,285,285,279,0
13302,2147KW-1CK*,185,,185,185
13841,8212-CN,60,60,56,0
12670,2046K-1CK*,215,215,209,0
13725,8327BLK-CR,130,130,123,0
14091,8411-2RCN,270,270,256,0
15322,5603-24,29,29,28,0
15185,1762-1*,199,199,199,0
12796,1909RF-1*,219,,219,219
15495,5875BR-1*,205,205,199,0
12198,5177-84,323,323,309,0
13231,1852-6,50,50,50,0
15050,3228-12,145,145,135,0
12316,5052A,110,110,105,0
14410,1386-5,277,,277,277
12276,5070S,38,38,36,0
12934,1856-4,55,55,50,0
12548,1372-78,209,,209,209
16106,9616BRW-3,279,,279,279
12754,1949-9,170,,170,170
16000,1219CH-3,209,209,199,0
12587,5447-29FAS,77,77,75,0
13033,1927-6,63,63,63,0
11954,5530-78*,257,257,249,0
12505,1393BK-36,209,,209,209
15433,5877KBE-1CKDW*,329,,329,329
12273,5039S,31,31,30,0
12065,1947A,95,95,90,0
15143,1600-5,359,359,349,0
12018,5491A,49,,49
12443,5447-24FAS,74,74,72,0
13314,2147BK-1*,129,,129,129
12622,1990-9,209,,209
13320,2147BK-9,125,,125,125
13026,1907-6,66,66,63,0
12325,2243S,100,100,99,0
11946,5538BK*,39,39,37,0
13023,1907-1*,255,255,249,0
14456,B1799*,399,,399
12819,1824-5,419,419,399,0
12336,2601S,16,16,15,0
14008,8480BRW-1PW,309,309,295,0
15799,1144E-29S,69,69,67,0
14357,2042-4,59,59,55,0
15901,8289BU-2,185,185,179,0
16076,9906GRY-2,275,275,259,0
15825,5424-78*,279,279,269,0
15521,1761-1,105,105,99,0
15943,9979BRG-2,99,,99,99
12060,1958A,90,90,85,0
12941,2220F-1*,85,,85,85
12946,2220-9,89,,89,89
15578,1933K-1EK*,549,,549,549
11957,5530-50,359,359,349,0
15479,5874GY-1*,155,155,149,0
14273,8412-1,489,489,465,0
13569,1385F-1*,289,,289,289
16026,9911DBR-2PWH,519,519,499,0
15152,1711NC-5,243,243,239,0
12279,5034REDS,39,39,38,0
15251,292B-6,72,72,72,0
13308,2147W-5,139,,139,139
12783,1916KBK-1CK*,389,,389,389
14892,5873N-BH,113,113,109,0
13902,8308-RCPW,260,260,250,0
13672,8378BLK-R,160,160,150,0
13668,8378GRY-L,160,160,150,0
15978,8268GY-1,105,105,99,0
16044,9990GY-1,189,189,179,0
15434,5877KBE-1EKDW*,329,,329,329
12013,5512-66,123,,123
13572,1385-6,84,,84,84
15396,1603-5,389,389,369,0
12163,5425-36,185,185,179,0
14078,8413TL-1,145,145,135,0
12692,1977-6,52,52,52,0
15258,3608-04,82,82,79,0
16032,9903DB-2PW,419,419,399,0
14221,1194IN,105,105,99,0
12234,1867-102*,559,,559,559
14423,1856-9,110,110,110,0
12393,1149RED,37,,37,37
12935,1856-5,130,130,129,0
13677,8219-3,165,165,160,0
14332,2052FW-1,72,72,69,0
15189,1762-9,175,175,169,0
13827,8201BLK-3,315,315,299,0
12672,2046-1*,165,165,159,0
12267,5035WHT-29,33,33,32,0
12295,5048S,71,71,68,0
16043,9990GY-2,315,315,299,0
12868,1706K-1EK*,259,259,259,0
16023,9901CC-1,199,199,189,0
13136,1845-9,289,289,275,0
13429,1737NC-1*,365,365,359,0
12866,1707-9,269,269,259,0
11973,5517A,60,60,59,0
15531,MT-G10Q,215,215,209,0
12108,5285-13,58,58,55,0
15024,5415RF-16*,165,165,160,0
12977,1737NGY-4,139,139,136,0
14607,4829LN*,179,179,169,0
12764,1946-1*,449,,449,449
15138,1297GY-1,120,120,115,0
15569,1757-9,309,309,300,0
13640,2026PU-1HB,58,58,56,0
15192,1766-1*,205,205,199,0
15507,5887-1*,175,175,169,0
12830,1718KGY-1EK*,389,389,379,0
13854,8490FBR-AR,140,140,135,0
15418,1719-6,46,46,43,0
13371,2169-4,259,259,255,0
12116,5466-62,197,197,189,0
13196,1890KN-1EK*,155,155,149,0
15935,9979DGY-3,119,,119,119
15187,1762-5,184,184,179,0
11994,5504-40,369,,369,369
12141,5428-84*,357,357,339,0
12055,5477N-96,255,255,249,0
12395,1148BLK,30,,30,30
15772,2529S,44,44,42,0
15885,8260DB-ARPW,160,160,150,0
12647,5438-9,209,209,199,0
12003,5496-13,57,57,55,0
12566,710S,55,55,52,0
14612,B2008TF-1*,379,379,359,0
13167,1869K-1CK*,369,,369,369
15961,9914CH-CR,155,155,150,0
15184,1762K-1EK*,279,279,279,0
12004,5496-40,339,339,329,0
12006,5494A,115,115,110,0
15021,459B-PU,169,169,159,0
12981,1737NGY-11,259,259,249,0
13680,8219-30*,72,72,70,0
12260,5035BLK-24,29,29,28,0
11981,5515GYS,22,22,21,0
13027,1907-9,305,305,299,0
12870,1706F-1*,199,199,199,0
11962,5525-72,243,243,229,0
12266,5035WHT-24,29,29,28,0
14672,3581-04,125,,125,125
12265,5035WHT-18,21,21,20,0
12671,2046K-1EK*,215,215,209,0
13370,2169SL-1*,669,669,649,0
12473,5302A-18,21,21,20,0
15977,8268BR-1,105,105,99,0
13025,1907-5,339,339,329,0
14474,2147TW-1*,119,,119,119
14360,2042-9,135,135,129,0
13658,8367CH-4,53,53,50,0
14518,1356BK-6,57,,57
16045,9990DB-3,315,315,299,0
12272,5039-48,55,55,55,0
15226,1856NG-9,129,129,129,0
13329,1810-6,44,,44
15713,1919KNC-1CK*,699,699,699,0
14205,1200BLK,157,157,149,0
15179,1753-4,79,,79,79
12287,17813*,174,,174,174
13830,8206NF-3,359,359,339,0
13318,2147BK-5,139,,139,139
14491,2147T-1*,99,,99,99
12871,1706-4,109,109,99,0
15308,5581S,49,49,45,0
12716,1961-9,120,120,119,0
12508,1393BK-48*,173,,173,173
15932,9935RD-1,125,125,119,0
14312,B2053SBW-1*,359,359,349,0
14098,8403-3,279,279,265,0
15300,5566-29RD,44,44,42,0
12041,5431-36,239,239,233,0
15186,1762-4,75,75,69,0
14948,H10128,69,69,65,0
15971,9789BU-4,62,62,59,0
12081,1704-108,449,,449,449
12528,586-40,259,259,249,0
12102,586GY-40,289,289,279,0
15429,5877KBE-1CK*,239,,239,239
15997,1219GY-3,209,209,199,0
12219,5123S,75,75,73,0
15985,8269-1,135,135,129,0
15116,8077-T,175,175,165,0
14450,2147SG-4,59,,59,59
12089,5430-60,139,,139
12686,1977K-1CK*,279,279,279,0
14000,8318-RRPW,280,280,270,0
13671,8378BLK-L,160,160,150,0
14090,8411-2R,230,230,216,0
12155,5400S,45,45,45,0
14136,8524BK-2,379,379,359,0
14099,8403-2,259,259,244,0
15826,5424A,60,60,59,0
12434,2477-13,55,55,52,0
12766,1946-5,379,,379,379
13780,8233TT-2,295,295,279,0
15962,9914CH-1,169,169,159,0
16010,1220F3S,125,125,119,0
14228,8215GY-1,125,125,119,0
12274,5070-64,223,223,211,0
16125,9938GY-1,145,145,139,0
12649,5415RFK-1EK*,339,339,329,0
13690,8204-3,219,,219,219
13875,8230BRW-2,349,349,329,0
14169,9724BRW-2,345,345,329,0
12184,5268-48*,53,,53
13220,1855K-1EK*,185,,185,185
12057,5477NS,71,71,69,0
12047,5328-40,315,315,299,0
15535,MT-G10CT,155,155,149,0
12042,5431-24,50,50,49,0
12235,1867A,130,,130,130
11960,5525DG-24BH,115,115,109,0
15652,1744-6,62,62,62,0
12482,5448S,54,,54
12335,2601-48,41,41,39,0
15974,9789DG-3LC,205,205,195,0
12171,2615DC-50*,689,689,669,0
16074,8257GRY-1,169,169,159,0
14891,5873N-ST,57,57,55,0
14226,8214BRW-1,125,125,119,0
15791,5578-32,125,125,119,0
12135,5409RF-40,339,,339,339
15025,5415RF-17*,309,309,299,0
12553,1372-40,309,,309,309
11970,5518S,41,41,40,0
14130,9636-1,215,215,205,0
12034,5478-72*,347,347,339,0
12729,1957-4,115,115,109,0
13667,8202GRY-2,125,125,119,0
12084,1704-50*,1099,,1,1099
16053,9928BLK-1,165,165,159,0
11940,5546-84,237,237,229,0
12945,2220-6,22,,22,22
12240,1828A,125,,125
14972,2147BK-12,119,,119,119
13716,8235GY-3,209,209,199,0
12303,5056-40,215,215,209,0
14144,9636CC-1,215,215,205,0
14849,4728ES,47,47,45,0
14705,3224N-16,163,163,155,0
14194,9700BRW-1,189,189,179,0
13729,8327BLK-2,205,205,195,0
14031,8326BLK-3,389,389,369,0
12242,1828-50*,569,,569
15995,1219GY-1,115,115,109,0
14461,B1799F-1*,229,,229,229
12551,1372-36,209,,209,209
12194,5179-40,339,339,329,0
15360,8256-LPW,615,615,595,0
13659,8367TP-3,160,160,150,0
12117,5466S,43,43,40,0
13202,1881FPU-1*,95,95,89,0
15465,5876KBR-1CKDW*,299,,299,299
14038,8308-2PW*,519,519,499,0
15026,5415RF-18,169,169,165,0
16017,9668NSD-1,205,,205,205
14949,H10081,105,105,99,0
12654,5415RF-9,259,259,249,0
15016,469PU,83,83,79,0
12014,5512S,28,,28
15238,1916GY-1*,299,,299,299
12126,5431S,46,46,45,0
12019,5488-36RD*,143,143,137,0
14361,2046T-1*,145,145,139,0
14188,9734CH-1,149,149,145,0
11961,5525-40,315,315,299,0
12085,5423-66,119,,119
15417,1719-5,195,195,189,0
16112,9922CN-3,239,239,229,0
13077,1935-9,499,499,479,0
15981,8267BU-1,105,105,99,0
12365,2538-60,105,105,102,0
12262,5035SVE-18,21,21,20,0
12220,5123-50*,639,639,619,0
16012,1220F1S,125,125,119,0
12317,5052S,105,105,99,0
13160,2168KWW-1EK*,719,,719,719
16040,9903GY-1PW,249,249,239,0
12561,710-72*,215,215,207,0
12080,1704-50*,1099,,1,1099
13321,2147BK-12,119,,119,119
12212,5147BK-78,203,,203
13834,8206BRW-2,359,359,339,0
12069,1935-76*,499,499,499,0
12008,5494-40,519,519,499,0
12001,5496-78,235,235,229,0
12020,5488-24,34,34,32,0
12077,1704-60,449,,449,449
12366,2538S,35,35,34,0
13701,8225-1,139,139,139,0
12643,5438-1*,299,299,299,0
12350,2546-50*,629,629,599,0
13132,1845LED-1*,369,369,369,0
14942,H11296,73,73,69,0
15351,1294GY-1,135,135,129,0
12082,1704A,140,,140,140
15955,9924GRY-4,105,105,99,0
13833,8206BRW-3,359,359,339,0
11987,5510S,39,,39
14013,8480RED-2,379,379,359,0
13826,8201BRW-1,199,199,189,0
12132,5415RF-40,359,359,349,0
14409,1386-4,133,,133,133
15478,5874KGY-1EK*,195,195,189,0
15694,1728-5,349,349,339,0
12178,2615DC-50*,689,689,669,0
11964,5525-40,315,315,299,0
12446,3217PUS,137,137,130,0
12158,5400-55,330,330,320,0
15938,9914-2LCN,236,236,226,0
12189,2546-40*,229,,229
16037,9903GY-3,339,339,319,0
12090,5430S,39,,39
15673,1745-6,74,74,73,0
12650,5415RF-1*,249,249,239,0
15859,5627W-24,45,,45
15144,1600-6,76,76,73,0
15555,1605-9,255,255,249,0
12586,5511,279,279,269,0
12370,2529-13,62,62,59,0
13652,8226GY-4,75,,75
15224,1856NG-5,164,164,159,0
12998,1844KDC-1EK*,399,399,399,0
11959,5525DG-24,59,59,55,0
12942,2220T-1*,75,,75,75
15930,9935RD-3,209,209,199,0
15526,815TN-1,72,72,69,0
13522,5790F-1*,79,,79,79
14270,8404DB-1,122,122,115,0
15842,1715-55,399,399,389,0
15493,5875KBR-1CK*,255,255,249,0
13904,8318-2CNPW*,679,679,659,0
16028,9911DBR-1PWH,299,299,289,0
12044,5431-40,329,329,319,0
15937,9979DGY-1,69,,69,69
14602,2026TPU-1HB,52,52,50,0
13182,5789FBK-1*,165,165,155,0
13653,8226DB-AC,95,,95
12313,5055S,60,60,56,0
12923,1885N-1*,159,159,149,0
15783,5606S,44,44,42,0
12258,710-40,299,299,289,0
14945,H11761,73,73,69,0
15220,1856NG-1*,125,125,119,0
12705,1967W-1*,155,155,149,0
12079,1704S,125,,125,125
12952,1936-4,65,65,59,0
12190,2546-40M,175,175,165,0
13109,1928-9,209,209,199,0
13208,1867-6,152,,152,152
12396,1148WHT,30,,30,30
14449,2147FSG-1*,129,,129,129
12174,2615DCA,75,75,70,0
12002,5496S,50,50,49,0
12491,3270-24S1W,52,52,49,0
15463,5876BR-1*,169,,169,169
12383,1178RED,51,,51,51
11986,5510-66,119,,119
15467,5876BR-1DW*,239,,239,239
12730,1957-5,272,272,269,0
15918,1218DG-3,199,199,189,0
12195,5178-60,143,143,135,0
15541,MT-G08Q,175,175,169,0
14172,9724BLK-2,345,345,329,0
12604,2469,199,199,195,0
12412,5447-40,325,325,315,0
12444,5447-40,325,325,315,0
16066,9999DG-3,345,345,329,0
13131,1845LED-1EK,469,,469
12835,1718GY-9,205,205,200,0
15939,9914-2RCN,240,240,225,0
12009,5494-106*,379,379,379,0
12485,5445-60*,105,,105
12833,1718GY-5,253,253,249,0
12700,1968-5,159,,159,159
12534,586S,31,31,30,0
12497,626-24,52,,52
12557,710-36RD*,215,215,207,0
12224,5108-84,279,279,269,0
14040,8300-3PW*,679,679,659,0
13392,2159-11,289,,289,289
14748,3401W-04*,105,105,99,0
12098,5460-24,30,30,29,0
12510,1393BK-50,269,,269,269
13969,8329BLK-2,235,235,219,0
15915,1218RN-3,199,199,189,0
15423,2220FDBR-1*,85,,85,85
11993,5504S,45,,45,45
12504,1393BK-50,269,,269,269
14610,4950*,165,165,159,0
14310,B2053W-4,59,,59,59
12818,1824-4,189,189,179,0
12465,5302C-18,21,21,20,0
15841,1715-50*,519,519,499,0
11949,5532-24,26,26,25,0
14974,2147-12,119,,119,119
13975,8334BLK-2,349,349,329,0
15213,1788-1*,359,359,349,0
14440,1936-6,32,32,32,0
14377,1955-9,130,130,130,0
15770,2528-13,62,62,59,0
12524,727-40,279,279,269,0
12083,1704S,125,,125,125
11977,5516BMS,38,38,37,0
13664,8202CH-2,125,125,119,0
12498,626-40,289,,289
13832,8206NF-1,219,219,209,0
12209,5149S,27,,27
14021,8480GRY-1,259,259,245,0
14940,H11302,69,69,65,0
15941,9914-1,169,169,159,0
14298,B2043-R,53,53,52,0
14662,3551-04,115,115,109,0
13986,8490-AR,140,140,135,0
13372,2169-5,539,539,519,0
14201,9909CH-3*,179,,179
13003,1844DC-6,73,73,73,0
14469,2147BK-4,59,,59,59
12104,5470S,48,48,45,0
15899,8289GY-1,135,135,129,0
15364,8260GY-AC,85,85,82,0
15174,1752-6,52,52,52,0
14476,2147W-4,59,,59,59
14457,B1799-R,129,,129,129
12149,5438-96*,309,309,299,0
15537,MT-G12EK,349,349,339,0
14421,1856-5,130,130,129,0
12012,5494-40,519,519,499,0
15312,5581S,49,49,45,0
13891,8480BRW-2LCN,290,290,270,0
13860,8490FBR-RR,180,180,169,0
16093,9969GY-L,300,300,280,0
12804,1907W-4,115,115,109,0
15910,1218TL-2,179,179,169,0
14302,B2043FF-1*,275,275,265,0
16029,9911DBR-1,219,219,209,0
15319,5602-24BK,51,51,50,0
12368,2529-64,209,209,195,0
13126,1916-9,249,,249,249
16068,9999DG-1,239,239,229,0
14882,4507-F2,79,79,75,0
14857,4508-SH,37,37,35,0
14593,4968BK-NT,165,165,159,0
12461,2434S,28,28,27,0
12238,1867-40,449,,449,449
13414,2147-5,115,,115,115
12617,1990K-1EK*,329,,329
12584,4517,349,,349
13142,2147SG-4,59,,59,59
13417,2147-12,119,,119,119
13732,8244SD-2,209,209,195,0
11974,5517-40,329,329,319,0
12211,5149-24,29,,29
12653,5415RF-6,73,73,73,0
13520,5790K-1EK*,129,,129,129
13738,8244BU-2,209,209,195,0
12031,5479-14*,145,,145
13328,1810-5,235,,235
12348,2546A,65,65,61,0
15665,1729-5,359,359,349,0
11972,5517-78*,275,275,263,0
12091,5429-36,135,135,129,0
14695,3526-30,249,249,239,0
15679,1604-4,105,105,99,0
16021,9901CC-3,335,335,319,0
15398,1603-9,309,309,299,0
12696,1968K-1EK*,189,,189,189
13391,2159-9,289,,289,289
13699,8225-3,225,225,215,0
15998,1219CH-1,115,115,109,0
13717,8235GY-2,189,189,179,0
13024,1907-4,115,115,109,0
12920,1882FN-1*,179,179,169,0
15948,9940BK-3,160,,160,160
12210,5149-36*,61,,61
15946,9940DB-2,139,,139,139
12390,1155WHT,37,,37
14261,4741FA,85,85,82,0
13069,1919-6,142,142,142,0
12324,2243A,110,110,105,0
13654,8226DB-CR,115,,115
15565,1757-1*,459,459,449,0
15564,1757K-1EK*,559,559,549,0
12092,5429-24,51,51,49,0
12377,2526-96*,327,327,307,0
12352,2546-40M,175,175,165,0
13240,1845-9,289,289,275,0
13195,1890KN-1CK*,155,155,149,0
12050,5328-40,315,315,299,0
12128,5431-40,329,329,319,0
12563,710S,55,55,52,0
14239,8219-30*,72,72,70,0
15362,8256GY-LPW,615,615,595,0
13856,8490FBR-CR,210,210,199,0
14115,9669FCP-CN,56,56,53,0
13806,8223DB-3PW*,649,,649
14128,9636-3,355,355,335,0
15442,5877KBR-1EKDW*,329,,329,329
15666,1729-6,92,92,92,0
16109,9616CN-3,279,,279
16110,9616CN-2,259,,259
16111,9616CN-1,175,,175
12799,1909RF-6,63,,63,63
12749,1949K-1EK*,299,,299,299
15761,5514-72*,217,217,209,0
12381,1178BLK,51,,51,51
12845,1711K-1EK*,329,329,319,0
13283,1811W-4,105,105,101,0
11980,5515GY,67,67,65,0
15909,1218TL-3,199,199,189,0
12192,5179-S2,57,57,55,0
15928,9935GY-2,189,189,179,0
12529,586,179,,179
16009,1224F4S,94,94,89,0
12213,5147BKS,39,,39
12261,5035BLK-29,33,33,32,0
15927,9935GY-3,209,209,199,0
16064,9999GY-2,325,325,309,0
12203,5167FS,62,62,60,0
15563,1757K-1CK*,559,559,549,0
14191,9700BLK-1,189,189,179,0
15195,1766-6,65,65,62,0
16072,8257GRY-3,275,275,259,0
15560,1606-5,279,279,269,0
12879,1704-4,199,,199,199
12869,1706-1*,199,199,199,0
12404,2456-36,225,225,213,0
14781,1288-301,159,159,154,0
12200,5177-54,273,273,259,0
14943,H13441,59,59,55,0
15979,8268PU-1,105,105,99,0
12665,2259GY-1*,399,399,399,0
15392,1603K-1CK*,599,599,599,0
12275,5070-13,62,62,59,0
14435,2145-9,100,,100,100
12970,1915-5,309,309,299,0
13374,2169-9,379,379,369,0
13171,1869-5,225,,225,225
12157,5400-50*,589,589,569,0
15169,1752K-1CK*,459,459,449,0
15984,8267RN-1,105,105,99,0
11951,5531A,105,105,100,0
12533,586-76,215,215,209,0
12058,5477N-40,359,359,349,0
14100,8403-1,175,175,165,0
12765,1946-4,179,,179,179
12030,5479S,49,,49
14494,2147-5,115,,115,115
12096,5429-24ST,41,41,39,0
15311,5581A,69,69,65,0
15908,8250GY-1,119,,119,119
12318,5052-50*,769,769,729,0
13319,2147BK-6,33,,33,33
16006,1219BU-3,209,209,199,0
15994,1219GY-3,209,209,199,0
13878,8230BLK-2RCN,310,310,290,0
12281,5034YLWS,39,39,38,0
12652,5415RF-5,319,319,309,0
12855,1708F-1*,169,,169,169
15483,5874NV-1*,155,155,149,0
11955,5530A,61,61,59,0
12872,1706-5,259,259,249,0
15767,5575S,45,,45,45
15503,5888-1*,249,249,239,0
15907,8250GY-2,179,,179,179
15811,1718GY-90,243,243,239,0
12199,5177S,63,63,60,0
13930,8327TL-1,140,140,135,0
12813,1866GY-6,127,,127,127
12382,1178WHT,51,,51,51
14946,H10130,69,69,65,0
13703,8203GY-3,199,199,189,0
13818,8210GRY-3,335,335,319,0
16035,9903DB-1,209,209,199,0
13455,2124-5,275,275,269,0
12814,1866GY-9,370,,370,370
12290,3276S-CR,39,,39,39
13735,8244RN-2,209,209,195,0
12881,1704-6,122,,122,122
12878,1704-1*,499,,499,499
15970,9789BU-3LC,205,205,195,0
15906,8250GY-3,199,,199,199
12883,1704-11,349,,349,349
15636,1394-6,113,,113,113
12123,5435-24,57,57,55,0
12339,2588-40,399,399,379,0
12226,5108-40,369,369,359,0
13150,1831P-1,129,129,125,0
13779,8233TT-3,315,315,299,0
12841,1717-6,92,92,92,0
12838,1717-1*,319,319,319,0
15986,8270-1,135,135,129,0
12856,1708-4,99,,99,99
12474,5302A-24,22,22,21,0
14238,8211*,379,379,359,0
15349,B2013DC-9,109,,109,109
12904,5797N-1*,149,,149
12292,5021DBS,52,52,50,0
14479,2147W-9,125,,125,125
12029,5479-72*,379,,379
12016,5489-24,32,32,30,0
12293,5021BES,52,52,50,0
15884,8260DB-AC,85,85,82,0
11968,5520-40,269,269,259,0
15395,1603-4,189,189,179,0
12222,5115A,56,,56
12828,1723-9,279,,279,279
14434,2145-6,32,,32,32
12152,5438-40,409,409,399,0
12839,1717-4,149,149,139,0
12441,5447-36*,203,203,199,0
16089,9907DG-1,289,289,279,0
15934,8248GRY-2,135,135,129,0
12656,5400K-1CK*,369,369,359,0
13709,8235SS-L,140,140,134,0
15992,1219GY-1,115,115,109,0
13021,1907K-1CK*,355,355,349,0
13710,8235SS-R,156,156,145,0
13896,8308-5R,281,281,270,0
13656,8367CH-3,160,160,150,0
12922,1885KN-1EK*,209,209,199,0
15976,8401GY-3SC,209,209,199,0
14437,1936F-1*,119,119,119,0
15033,5099-17,209,209,199,0
15512,5880FDB-1,125,125,119,0
15846,5562-40,409,409,399,0
14517,1356BK-5,195,,195
12389,1155BLK,37,,37
12874,1706-9,239,239,229,0
13939,8327GY-1S,165,165,155,0
15926,8246CR-1,220,,220,220
15146,1242-1,209,209,199,0
16042,9990GY-3,315,315,299,0
12892,1714KBK-1EK*,389,389,379,0
13906,9789CF-3LC,205,205,195,0
12399,1147RED,27,,27,27
12915,1883FN-1*,209,209,199,0
12159,5400-07,359,359,349,0
14070,8427-3,439,439,419,0
15702,1715-6,72,72,72,0
15975,9789DG-4,62,62,59,0
13043,1911K-1EK*,369,,369,369
14016,8480GRY-3PW,499,499,479,0
15284,5424-4,169,169,169,0
15983,8267GY-1,105,105,99,0
13488,1737W-4,139,139,136,0
15505,5887K-1CK*,225,225,219,0
14411,1386-6,75,,75,75
16007,1224F1S,94,94,89,0
12223,5115-40,299,,299
15965,9957CH*SC,319,319,299,0
12106,5285-64,131,131,125,0
11971,5518-40,289,289,279,0
14599,4950GY*,145,145,139,0
12825,1723-4,159,,159,159
12973,1915-10,199,199,189,0
12204,5167-50*,749,749,725,0
13004,1844DC-9,219,219,209,0
12559,710-24W,59,59,57,0
12968,1915F-1*,229,229,219,0
15947,9940DB-1,99,,99,99
12713,1961-4,65,65,59,0
13022,1907K-1EK*,355,355,349,0
14442,1904T-1*,99,,99,99
13966,8329BRW-2,235,235,219,0
15936,9979DGY-2,99,,99,99
12208,5149-48*,61,,61
12214,5145W-78,257,,257,257
12387,1156RED,37,,37,37
12897,1714BK-9,205,205,200,0
12876,1704K-1CK*,599,,599,599
14272,4829LN*,179,179,169,0
16005,1219BU-2,189,189,179,0
12982,1908K-1CK*,199,199,189,0
11943,5546-55,270,270,260,0
15889,8260DB-RRPW,196,196,186,0
13894,8480BRW-CR,201,201,191,0
13991,8490-RC,230,230,219,0
15952,9923DBR-R,160,160,150,0
15953,9924GRY-L,186,186,176,0
13835,8206BRW-1,219,219,209,0
13081,1912-4,199,,199,199
13079,1912K-1EK*,599,,599,599
16059,9937-1PWH,299,299,289,0
12689,1977F-1*,199,199,199,0
14424,2220T-1*,75,,75,75
16033,9903DB-2,339,339,319,0
13874,8230BRW-3,349,349,329,0
14513,1349-9,185,,185,185
14085,8412-3,699,699,665,0
12100,586GYS,39,39,38,0
14415,1386-11,285,,285,285
13073,1935PN-1*,499,499,499,0
13082,1912-5,499,,499,499
12627,2042-6,33,33,31,0
14889,4500-F2,39,39,37,0
14320,B2053W-R,53,53,52,0
15973,9789TL-4,62,62,59,0
12035,5478S,52,52,50,0
16116,8427GY-2,419,419,399,0
12800,1909RF-9,269,,269,269
12767,1946-6,92,,92,92
13084,1912-9,359,,359,359
15491,5875BE-1*,205,205,199,0
16050,9928DBR-1,165,165,159,0
13900,8308-CR,279,279,270,0
12241,1828S,115,,115
12068,1947-40,309,309,299,0
12391,1155RED,37,,37
14720,3508-04,65,65,62,0
12218,5123A,85,85,83,0
13284,1811W-5,299,299,289,0
15798,1144E-24S,63,63,61,0
13794,8200BRW-3,525,525,499,0
12119,1915-60,95,95,89,0
13044,1911-1*,279,,279,279
15011,4732PU,169,169,159,0
12257,710WS,55,55,52,0
12593,5106BK,71,71,69,0
15854,5547-36,127,127,121,0
12043,5431-24BH,123,123,119,0
14905,1193F5S,139,139,133,0
13080,1912-1*,499,,499,499
14906,1193F3S,129,,129
15991,1282GY-1,145,145,139,0
15972,9789TL-3LC,205,205,195,0
12975,1737KNGY-1EK*,465,465,459,0
15443,5877BR-1DW*,269,,269,269
12036,5478-13*,120,120,115,0
15664,1729-4,165,165,159,0
12378,2526S,82,82,78,0
15242,1916GY-9,249,,249,249
13306,2147TW-1*,119,,119,119
13085,1918K-1CK*,469,,469,469
13078,1912K-1CK*,599,,599,599
14313,B2053W-R,53,53,52,0
12309,2615DC-50*,689,689,669,0
12095,5429-24,51,51,49,0
15849,5562-40,409,409,399,0
12633,5873KN-1CK*,255,255,249,0
15892,8255GY-CR,181,181,171,0
15954,9924GRY-R,184,184,174,0
15508,5887F-1*,175,175,169,0
15533,MT-G10CK,289,289,279,0
15797,1133-29S,79,79,77,0
16118,9938SN-3SL,349,349,329,0
15168,1730GY-9,195,195,189,0
15193,1766-4,125,125,119,0
15980,8267BE-1,105,105,99,0
14741,5560-30,249,249,235,0
14374,1955-4,65,65,59,0
11944,5538W*,39,39,37,0
12268,2601-36,65,65,59,0
13736,8244RN-1,149,149,139,0
13158,2615DC-11,299,299,289,0
12271,5038S,19,19,18,0
15286,5424-6,63,63,62,0
15287,5424-9,289,289,280,0
12367,2538-13,54,54,52,0
12130,5415RFS,45,45,45,0
15945,9940DB-3,160,,160,160
14277,1191F4S,71,,71,71
12467,5302C-29,23,23,22,0
16099,9815-1*,309,309,299,0
11997,5544-72,255,255,249,0
15511,5880DB-1,125,125,119,0
13250,1834K-1EK*,499,499,499,0
13209,1867-9,499,,499,499
12685,1978W-9,369,369,349,0
15210,1769-9,185,185,180,0
13235,1845K-1EK*,379,379,379,0
12802,1907KW-1EK*,355,355,349,0
15260,3608SV-01XL,135,135,129,0
12682,1978W-4,209,209,199,0
13962,19359-3,755,755,719,0
13149,1831KP-1,169,169,165,0
13207,1867-5,579,,579,579
16073,8257GRY-2,255,255,239,0
13204,1867K-1EK*,599,,599,599
13205,1867-1*,499,,499,499
15285,5424-5,299,299,289,0
13216,1866-6,127,,127,127
15250,292B-5,359,359,339,0
15963,9957CH-3,145,145,139,0
12193,5179-13,92,92,89,0
12930,1856K-1EK*,149,149,145,0
15450,5877KGY-1EKDW*,329,,329,329
12792,1916BK-14,34,,34,34
15566,1757-4,249,249,239,0
12064,1947-96,289,289,279,0
14047,9734DB-2,195,195,185,0
13230,1852-5,255,255,246,0
13315,2147FBK-1*,129,,129,129
14575,1386-5,277,,277,277
13217,1866-9,359,,359,359
12877,1704K-1EK*,599,,599,599
12808,1866KGY-1CK*,499,,499,499
13850,8238-LR,156,156,150,0
12956,1904K-1CK*,179,,179,179
13211,1866K-1CK*,499,,499,499
12733,1955K-1CK*,149,149,149,0
13219,1855K-1CK*,185,,185,185
13199,1881KPU-1CK*,135,135,129,0
15887,8260DB-CR,150,150,146,0
15951,9923DBR-L,160,160,150,0
16008,1224F2S,94,94,89,0
13178,5789FN-1*,175,175,165,0
12440,2447WS,33,,33
16018,9668NDB-3,359,359,339,0
12759,1947-5,299,,299
12555,727S,54,54,52,0
12797,1909RF-4,119,,119,119
12148,5411RF-40,259,,259
16107,9616BRW-2,259,,259,259
12522,727-36,197,197,189,0
14591,4970*,235,235,229,0
15782,5606-45RD,139,139,131,0
14254,1266F1S,189,189,179,0
12183,5473-50*,649,,649,649
13846,8238-AR,125,125,120,0
13326,1810T-1*,175,,175
13265,1828K-1EK*,509,,509
14368,1977-4,119,119,109,0
14470,2147BK-5,139,,139,139
12470,5302BK-24,22,22,21,0
13169,1869-1*,279,,279,279
14299,B2043-T,38,38,37,0
14149,9715PU-3,175,,175,175
14761,5543-04,185,185,175,0
12979,1737NGY-6,76,76,76,0
12380,2524-24,41,41,40,0
13271,1828-9,359,,359
15142,1600-4,125,125,119,0
14189,9700BLK-3,295,295,279,0
16108,9616BRW-1,175,,175,175
13266,1828-1*,409,,409
12791,1916BK-15*,365,,365,365
13553,1422-4,93,,93
12334,1188RD-24,31,31,30,0
12554,727-72,213,213,207,0
12826,1723-5,399,,399,399
12809,1866KGY-1EK*,499,,499,499
13269,1828-6,117,,117
13267,1828-4,185,,185
13270,1828-6LN,117,,117
12760,1947-6,82,,82
13373,2169-6,122,122,117,0
12859,1708-9,199,,199,199
12196,5178BRS,39,39,36,0
11966,5520S,46,46,45,0
13403,2146-1*,99,,99
14444,1904-4,69,,69,69
13407,2146-9,129,,129
15163,1730KGY-1EK*,209,209,209,0
11992,5504-78,219,,219,219
12699,1968-4,69,,69,69
12565,710-54*,215,215,207,0
12966,1915K-1EK*,289,289,279,0
13666,8202GRY*SC,315,315,299,0
12679,1978KW-1CK*,499,499,499,0
13322,1810K-1CK*,285,,285
12726,1957K-1CK*,339,339,329,0
13264,1828K-1CK*,509,,509
12537,586-40,259,259,249,0
13855,8490-CN,71,71,64,0
13992,8490-RR,180,180,169,0
15940,9914-CR,155,155,150,0
15812,1718GYS,54,54,52,0
12621,1990-6,72,,72
12916,1882KN-1CK*,229,229,219,0
11995,5503*,247,247,239,0
13777,8234TT-2,239,,239
15794,1131-24S,69,69,67,0
14986,4605GY,97,97,92,0
13698,8216DG-1,125,125,119,0
13032,1927-5,359,359,349,0
12687,1977K-1EK*,279,279,279,0
12302,5056S,49,49,47,0
16031,9903DB-3,339,339,319,0
15967,9957GY-2,125,125,119,0
14331,B2013DC-9,109,,109,109
15534,MT-G10ET,155,155,149,0
14473,2147BK-12,119,,119,119
13684,8224DG-3,205,205,199,0
13752,8245BR-3SL,349,349,329,0
15173,1752-5,299,299,289,0
16085,9907BR-2,395,395,379,0
13405,2146-5,170,,170
13351,2243SL-1*,479,479,465,0
12298,2617N-36,267,,267
14371,1977-9,199,199,199,0
12798,1909RF-5,329,,329,329
12472,5302A,129,129,125,0
14630,2952-30,79,,79,79
13386,2159-1*,399,,399,399
13206,1867-4,269,,269,269
13133,1845-4,130,130,125,0
12294,5048-72,205,205,195,0
14294,B2043PR-1*,205,205,199,0
15141,1600-1*,309,309,299,0
15982,8267CH-1,105,105,99,0
12385,1157RED,41,,41,41
11999,5544-13,82,82,79,0
16058,9937-2PWH,505,505,479,0
13778,8234TT-5,179,,179
13072,1935PNK-1EK*,599,599,599,0
12963,1904-6,36,,36,36
13421,2145F-1*,99,,99,99
13075,1935-5,599,599,579,0
15209,1769-6,55,55,52,0
15145,1600-9,269,269,259,0
12291,5021-54*,247,247,239,0
12054,5267RF-50*,749,749,725,0
13350,2243SLK-1EK*,579,579,565,0
12299,2617N-24,47,,47
12620,1990-5,259,,259
12740,1955-9,130,130,130,0
12506,1393BK-24,47,,47,47
16019,9668NDB-2,359,359,339,0
12182,5473S,55,,55,55
15942,9979BRG-3,119,,119,119
14148,9739CH-4,155,155,145,0
12138,5428-S2,68,68,65,0
13076,1935-6,132,132,132,0
14370,1977-6,52,52,52,0
16034,9903DB-1PW,249,249,239,0
16103,8259-CR,206,206,199,0
13349,2243SLK-1CK*,579,579,565,0
13888,8480GRY-2R,240,240,230,0
14335,2051TBK-1,52,52,49,0
12676,2046-6,52,52,52,0
12433,2477S,37,37,36,0
12197,5178GYS,39,39,36,0
14422,1856-6,25,25,25,0
12719,1958-1*,299,299,299,0
12803,1907W-1*,255,255,249,0
12940,2220-1*,85,,85,85
13530,1356KBK-1CK*,245,,245
15127,2615DCS,70,70,65,0
13180,5789KBK-1EK*,215,215,205,0
15605,1721-4,135,135,129,0
13532,1356BK-1*,169,,169
13426,2145-9,100,,100,100
14645,3534-05,139,,139,139
12550,1372-40,309,,309,309
12067,1947-50*,515,515,499,0
13673,8378BLK-4,63,63,59,0
15933,8248GRY-3,155,155,149,0
12121,1915-40,245,245,239,0
14487,2021TW-1,53,53,50,0
15345,B2013DC-1*,185,185,179,0
15170,1752K-1EK*,459,459,449,0
12639,5872KN-1EK*,215,215,209,0
13255,1834-9,239,239,229,0
12315,5052-118*,449,449,429,0
13685,8224DG-2,185,185,179,0
12428,2515-50,415,415,399,0
12890,1714W-9,205,205,200,0
12734,1955K-1EK*,149,149,149,0
16067,9999DG-2,325,325,309,0
14798,3299-01,195,195,189,0
12988,1908-9,145,145,140,0
12147,5411RFS,42,,42
12638,5872KN-1CK*,215,215,209,0
13537,1356BK-6,57,,57
13556,1422-9,209,,209
14847,4728AK,47,47,45,0
12326,2243-50*,949,949,929,0
13200,1881KPU-1EK*,135,135,129,0
13233,1852-11,189,189,185,0
12862,1707-1*,249,249,249,0
14096,8405BJ-1,205,205,195,0
12976,1737NGY-1*,365,365,359,0
12338,2588S,65,65,63,0
12714,1961-5,175,175,172,0
15341,5885K-1CK*,259,259,249,0
15690,1728K-1CK*,329,329,319,0
13893,8480BRW-AR,120,120,110,0
13557,1349K-1CK*,285,,285,285
13566,1385K-1CK*,379,,379,379
12320,2243A,110,110,105,0
12321,2243S,100,100,99,0
14834,3224N-16,163,163,155,0
12201,5177S,63,63,60,0
12637,5873N-ST,57,57,55,0
12567,710WS,55,55,52,0
12205,5167-55,370,370,360,0
13873,8230BRW-CR,181,181,171,0
13848,8238-CR,190,190,180,0
13895,8308-5L,281,281,270,0
13987,8490-CN,71,71,64,0
15754,5492-52,149,149,139,0
14109,8511BK-3,215,215,205,0
12806,1907W-6,66,66,63,0
16080,9906BRW-1,199,199,189,0
13356,2243-11,340,340,329,0
14506,B2013DC-4,59,,59,59
12046,5328S,59,59,55,0
15268,3619-31,125,125,119,0
13074,1935-4,269,269,259,0
13430,1737NC-4,139,139,136,0
13574,1385-9,275,,275,275
13536,1356BK-5,195,,195
16084,9907BR-3,415,415,399,0
15931,9935RD-2,189,189,179,0
15266,3614-04,85,85,79,0
14938,H11760,125,125,119,0
15211,1788K-1CK*,459,459,449,0
12768,1946-9,339,,339,339
12076,1935-50*,1,1,1,0
15601,1708BK-9,199,,199,199
12264,5035SVE-29,33,33,32,0
15600,1708BK-6,53,,53,53
15545,1726-4,135,135,129,0
13029,1927K-1EK*,399,399,399,0
15188,1762-6,32,32,32,0
13413,2147-4,49,,49,49
14220,1194TP,105,105,99,0
15925,8246CR-2,279,,279,279
15855,5547-24,33,33,32,0
12848,1711-4,105,105,99,0
13649,9789BRG-4,62,62,59,0
14478,2147W-6,33,,33,33
15214,1788-4,115,115,109,0
13665,8202GRY-SC,299,,299
16078,9906BRW-3,295,295,279,0
13218,1866-11,299,,299,299
12761,1947-9,259,,259
15150,1711F-1*,259,259,249,0
15912,1218F1S-3,199,199,189,0
14927,4611PU,79,79,75,0
16079,9906BRW-2,275,275,259,0
15154,1711NC-9,225,225,220,0
12011,5494S,105,105,100,0
13491,1737W-9,269,269,259,0
13523,5790-4,57,57,55,0
15236,1916KGY-1CK*,389,,389,389
14173,9724BLK-1,215,215,205,0
16092,8258-1,259,,259,259
13092,1918-11,309,,309,309
13185,1896N-1*,119,119,115,0
15321,5603-36,129,129,127,0
14467,2147TBK-1*,119,,119,119
13002,1844DC-5,259,259,249,0
15548,1726-9,255,255,249,0
13691,8204-1,139,,139,139
12603,2505BK-36,175,175,169,0
12914,1883N-1*,209,209,199,0
15219,1856KNG-1EK*,175,175,169,0
15838,1715-55,399,399,389,0
14438,1936-4,65,65,59,0
15389,5400-50*,589,589,569,0
13865,8229-LRPW,210,210,198,0
13660,8367TP-5,160,160,150,0
15956,9924DBR-L,186,186,176,0
13682,8224TN-2,185,185,179,0
15671,1745-4,85,85,79,0
12345,2547-72,141,141,135,0
13676,8378BRW-4,63,63,59,0
14592,4969GY*,155,155,149,0
13229,1852-4,125,125,115,0
12379,2524-36*,185,185,179,0
13223,1855-5,152,,152,152
12619,1990-4,109,,109
12664,2259KGY-1EK*,499,499,499,0
12253,1808-50*,929,929,899,0
14955,2147SG-12,119,,119,119
12216,5145W-40,299,,299,299
13683,8224TN-1,120,120,120,0
14081,8413GY-1,145,145,135,0
15964,9957CH-2,125,125,119,0
14080,8413GY-2,205,205,195,0
13985,8490-AC,120,120,115,0
15905,8250RN-1,119,,119,119
16030,9903DB-3PW,419,419,399,0
15989,1221-1,155,155,149,0
15547,1726-6,92,92,92,0
15969,9967-3SC,209,209,199,0
15924,8246CR-3,299,,299,299
14319,B2053W-1*,185,185,179,0
13362,2243-6,115,115,115,0
12812,1866GY-5,488,,488,488
14742,5560-04,179,179,169,0
15923,8246GY-1,220,,220,220
15999,1219CH-2,189,189,179,0
15262,3612-31,189,189,179,0
13897,8308-AC,120,120,115,0
12017,5491-48*,133,,133
12795,1909RFK-1EK*,279,,279,279
15027,5415RFS,45,45,45,0
14992,4727PU,165,165,155,0
13416,2147-9,100,,100,100
12463,2423-24,37,37,36,0
13820,8210GRY-1,199,199,189,0
14464,B1799-5,269,,269,269
16022,9901CC-2,335,335,319,0
12983,1908K-1EK*,199,199,189,0
16011,1220F2S,125,125,119,0
12698,1968F-1*,139,,139,139
14497,2147-12,119,,119,119
12278,5034BUES,39,39,38,0
13221,1855-1*,125,,125,125
15197,1768K-1CK*,279,279,279,0
12693,1977-9,199,199,199,0
13808,8223DB-1PW,349,,349
16054,9980-3,315,315,299,0
12832,1718GY-4,125,125,119,0
14236,8228TP*,439,439,419,0
12468,5302BK,129,129,125,0
14452,2147SG-6,33,,33,33
14379,1708-4,99,,99,99
16091,8258-2,389,,389,389
12191,5179-90*,287,287,279,0
12143,5428-S2,68,68,65,0
15886,8260DB-CN,55,55,51,0
13980,8336-CR,210,210,199,0
12483,5327-48,123,123,117,0
13434,1737NC-11,259,259,249,0
14703,3224N-04,73,73,69,0
13823,8334DBR-1,225,225,215,0
12882,1704-9,399,,399,399
12039,5456,139,,139
13663,8202CH-3,145,145,139,0
12722,1958-6,73,73,73,0
14296,B2043-9,109,,109,109
12701,1968-6,32,,32,32
12073,1935-110*,599,599,599,0
12392,1149BLK,37,,37,37
15225,1856NG-6,32,32,32,0
16049,9928DBR-2,259,259,245,0
13251,1834-1*,399,399,399,0
16038,9903GY-2PW,419,419,399,0
13964,19359-1,629,629,599,0
12732,1957-9,225,225,219,0
12667,2259GY-5,309,309,299,0
12118,5466-13,69,69,65,0
12688,1977-1*,199,199,199,0
13375,2169-11,369,369,359,0
12725,1958-14,50,50,49,0
12125,5431-77*,275,275,269,0
15568,1757-6,113,113,112,0
15272,4975*,165,165,159,0
14734,3228-05,165,165,155,0
16121,9938SN-1,145,145,139,0
12097,5460-36,75,75,73,0
15204,1769K-1CK*,325,325,319,0
13730,8327BLK-1,140,140,135,0
12140,5428-40,359,359,339,0
16087,9907DG-3,415,415,399,0
15897,8289GY-3,205,205,199,0
16047,9990DB-1,189,189,179,0
16015,9668NSD-3,339,,339,339
16088,9907DG-2,395,395,379,0
12967,1915-1*,229,229,219,0
12932,1856F-1*,109,109,105,0
13453,2124-1*,299,299,299,0
13091,1918-9,329,,329,329
12721,1958-5,289,289,279,0
12492,3270-24S1BK,52,52,49,0
13316,2147TBK-1*,119,,119,119
12251,1808A,100,100,100,0
15307,5581-54,283,283,269,0
13406,2146-6,38,,38
12552,1372-24,52,,52,52
12056,5477NA,77,77,75,0
12815,1824K-1CK*,599,599,599,0
12628,2042-9,135,135,129,0
12794,1909RFK-1CK*,279,,279,279
13226,1852K-1CK*,279,279,279,0
13312,2147KBK-1CK*,185,,185,185
12929,1856K-1CK*,149,149,145,0
12588,5447-24FAS,74,74,72,0
15793,5573,165,165,159,0
15306,5178GYS,39,39,36,0
14503,B2013DC-1*,185,185,179,0
16095,9969BK-L,300,300,280,0
16096,9969BK-R,340,340,320,0
15233,1904GY-5,151,,151,151
13286,1811W-9,239,239,236,0
14601,4964BK-NT,105,105,99,0
16055,9980-2,295,295,279,0
12307,2615RFA-NN,70,,70,70
12786,1916FBK-1*,299,,299,299
15325,5604-40,155,155,150,0
13067,1919-4,269,269,259,0
15902,8289BU-1,135,135,129,0
13931,8327TL-1S,165,165,155,0
13227,1852K-1EK*,279,279,279,0
12466,5302C-24,22,22,21,0
12103,5470-72,207,207,199,0
16086,9907BR-1,289,289,279,0
13486,1737KW-1EK*,465,465,459,0
16083,9805DG-1PW,409,409,399,0
16075,9906GRY-3,295,295,279,0
12310,2615DC-40,349,,349
14516,1356BK-4,72,,72
12678,2046-15,155,155,149,0
13212,1866K-1EK*,499,,499,499
13369,2169SLK-1EK*,769,769,749,0
12999,1844DC-1*,299,299,299,0
15695,1728-6,52,52,52,0
13452,2124K-1EK*,389,389,389,0
12471,5302BK-29,23,23,22,0
13840,8212-AR,125,125,119,0
15137,1297BU-1,120,120,115,0
16124,9938GY-2,199,199,189,0
14619,5400-04,67,67,65,0
12493,3270-48,117,117,109,0
12075,1935S,130,130,125,0
14019,8480GRY-2,379,379,359,0
12727,1957K-1EK*,339,339,329,0
12957,1904K-1EK*,179,,179,179
12186,5251-108*,337,,337
12481,5448-78*,279,,279
15156,1730K-1EK*,209,209,209,0
11996,5503S,43,43,40,0
12680,1978KW-1EK*,499,499,499,0
12912,1883KN-1EK*,259,259,249,0
13882,8230BLK-1,209,209,199,0
12789,1916BK-6,113,,113,113
13282,1811FW-1*,189,189,185,0
13707,8203RD-2,169,,169,169
15257,3608-01,115,115,109,0
12597,5067,239,239,229,0
13662,8202CH*SC,315,315,299,0
15651,1744-5,284,284,279,0
13535,1356BK-4,72,,72
12406,2456-24,40,40,38,0
12427,2515-13,95,95,92,0
14051,9734BK-1,149,149,145,0
13215,1866-5,469,,469,469
12540,586-40,259,259,249,0
12636,5873N-BH,113,113,109,0
14087,8412-1,489,489,465,0
13842,8212-CR,196,196,186,0
16102,8259-CN,80,80,78,0
16013,9917DB-L,136,136,130,0
12407,2466-48*,229,229,217,0
14036,8326BRW-1,259,259,249,0
13045,1911-4,149,,149,149
14145,9636CC-2,355,355,335,0
14069,8579DB-1,145,,145,145
14412,1386-9,225,,225,225
15315,5592,125,125,119,0
13456,2124-6,87,87,85,0
13791,8239-3,289,289,279,0
12924,1885FN-1*,159,159,149,0
12592,5275,125,125,119,0
12711,1961K-1EK*,199,199,199,0
12715,1961-6,30,30,29,0
15895,8225NGY-1,139,139,139,0
13731,8244SD-3,229,229,215,0
13974,8334BLK-3,349,349,329,0
13127,1916-15*,365,,365,365
15618,1706LED-1*,229,229,229,0
12400,1147WHT,27,,27,27
13087,1918-1*,399,,399,399
15023,5415RF-15*,299,299,289,0
15212,1788K-1EK*,459,459,449,0
14166,9700FCP-2,275,275,259,0
15599,1708BK-5,229,,229,229
15162,1730KGY-1CK*,209,209,209,0
15958,9924DBR-4,105,105,99,0
12015,5489-36*,117,117,109,0
15031,5099-15,189,189,179,0
12917,1882KN-1EK*,229,229,219,0
14504,B2013DC-R,53,53,52,0
12888,1714W-5,253,253,249,0
13128,1916-14,34,,34,34
11978,5516TLS,38,38,37,0
13198,1890FN-1*,105,105,99,0
12187,5251S,83,,83
12432,2477-78,171,171,165,0
12166,5425-90,205,205,199,0
13561,1349T-1*,179,,179,179
16061,9920RF-2PWH,475,475,459,0
13253,1834-5,279,279,269,0
13001,1844DC-4,109,109,99,0
12937,1856-9,110,110,110,0
15201,1768-5,259,259,249,0
13147,2024-1HB,58,58,56,0
15914,1218F1S,125,125,119,0
15323,5604-36,109,109,107,0
16063,9999GY-3,345,345,329,0
13555,1422-6,56,,56
13201,1881PU-1*,95,95,89,0
15921,8246GY-3,299,,299,299
12753,1949-6,62,,62,62
12429,2516-48*,227,227,217,0
12858,1708-6,53,,53,53
14170,9724BRW-1,215,215,205,0
13237,1845-4,130,130,125,0
14366,2046-15,155,155,149,0
12305,2615DCA,75,75,70,0
12049,5328S,59,59,55,0
12010,5494A,115,115,110,0
13674,8378BRW-L,160,160,150,0
14089,8411-2LCN,270,270,255,0
15957,9924DBR-R,184,184,174,0
15386,5400-24,45,45,45,0
14314,B2053W-T,38,38,37,0
13232,1852-9,239,239,235,0
15194,1766-5,255,255,249,0
15759,5569S,40,40,39,0
14673,3256RF-30,159,159,149,0
15431,5877BE-1*,199,,199,199
12490,3270-36,147,147,139,0
15261,3608SV-04,82,82,79,0
13812,8355-3PW*,679,,679
13670,8378GRY-4,63,63,59,0
16100,8259-AC,99,99,98,0
16098,9815-2*,395,395,379,0
13970,8329BLK-1,155,155,149,0
13963,19359-2,735,735,699,0
12684,1978W-6,123,123,112,0
16117,8427GY-1,279,279,269,0
16120,9938SN-2,199,199,189,0
14203,9909CH-4,50,,50
14354,2039W-6,73,73,72,0
14048,9734DB-1,149,149,145,0
12300,5056-78,213,213,207,0
15318,5602-36,205,205,199,0
15153,1711NC-6,43,43,42,0
14033,8326BLK-1,259,259,249,0
15199,1768-1*,199,199,199,0
13108,1928-6,62,62,62,0
14167,9700FCP-1,189,189,179,0
12333,1188DB-24,31,31,30,0
14284,1193F2S,139,139,133,0
13359,2243-1*,479,479,465,0
13104,1928K-1EK*,299,299,299,0
14243,1193F6S,139,139,133,0
13311,2147W-12,119,,119,119
14244,1193F7S,139,139,133,0
16113,9922CN-2,219,219,209,0
13958,8469-5,275,275,259,0
11952,5531S,95,95,90,0
13046,1911-5,339,,339,339
15203,1768-9,229,229,220,0
12889,1714W-6,53,53,52,0
14426,2220-4,39,,39,39
13831,8206NF-2,359,359,339,0
12252,1808S,90,90,85,0
14280,468F25S,93,93,89,0
15202,1768-6,62,62,62,0
16071,8257BRW-1,169,169,159,0
13702,8225-4,60,60,59,0
11965,5520-78,245,245,239,0
12658,5400-1*,289,289,279,0
12236,1867S,120,,120,120
16119,9938SN-3,219,219,209,0
12237,1867-50*,649,,649,649
13146,2147SG-12,119,,119,119
12469,5302BK-18,21,21,20,0
16082,9805DG-2PW,549,549,529,0
14605,4961DB-NT,189,189,179,0
14323,B2053W-9,109,,109,109
13066,1919-1*,599,599,599,0
15693,1728-4,125,125,119,0
12175,2615DCS,70,70,65,0
14735,3228-12,145,145,135,0
14257,8327TL-1S,165,165,155,0
12986,1908-5,179,179,179,0
14079,8413GY-3,225,225,215,0
12487,3270-60,147,147,139,0
12948,1936K-1EK*,179,179,179,0
12217,5123-96*,379,379,367,0
11976,5516BKS,38,38,37,0
16077,9906GRY-1,199,199,189,0
14287,8545-1LT,255,,255,255
16115,8427GY-3,439,439,419,0
13281,1811W-1*,189,189,185,0
14507,B2013DC-9,109,,109,109
13285,1811W-6,67,67,64,0
14315,B2053W-4,59,,59,59
12176,2615RFA-NN,70,,70,70
15966,9957GY-3,145,145,139,0
14030,8325BRW-1,239,239,229,0
14276,1191F2S,67,,67,67
12127,5431-14,99,99,95,0
14223,1267GY,145,145,139,0
16101,8259-ARPW,175,175,168,0
14210,1279F2S,115,115,109,0
12608,2425-36,215,215,209,0
16122,9938GY-3SL,349,349,329,0
14367,1977T-1*,179,179,179,0
15180,1753-5,199,,199,199
13554,1422-5,245,,245
14439,1936-5,154,154,149,0
12630,2867K-1EK,229,229,219,0
12736,1955F-1*,109,109,109,0
12595,5103,215,215,209,0
15350,1292-1,125,125,119,0
12634,5873KN-1EK*,255,255,249,0
13733,8244SD-1,149,149,139,0
16024,9911DBR-3PWH,519,519,499,0
12842,1717-9,360,360,350,0
14338,2050F-1,92,92,89,0
15913,1218F1S-2,179,179,169,0
15567,1757-5,409,409,399,0
12398,1147BLK,27,,27,27
14723,3447-04,62,62,59,0
15232,1904GY-4,69,,69,69
16051,9928BLK-3,259,259,245,0
15692,1728-1*,249,249,239,0
14973,2147W-12,119,,119,119
14413,1386D-1,225,,225
14171,9724BLK-3,345,345,329,0
14206,4501-F2,85,,85,85
12598,2558,209,,209,209
14427,2220-5,103,,103,103
15795,1131-29S,73,73,71,0
11947,5538BKS,14,14,13,0
12793,1916BK-FBH,75,,75,75
14417,1386-7,288,,288,288
12518,5235S,50,50,49,0
13000,1844FDC-1*,299,299,299,0
14509,1349F-1*,199,,199,199
14340,2048FW-1,72,72,69,0
15228,1904KGY-1EK*,179,,179,179
15385,5400-36XL*,309,309,299,0
14419,1856F-1*,109,109,105,0
14292,8548BRW-1,195,195,185,0
15959,9914CH-2LCN,236,236,226,0
13330,1810-9,205,,205
12488,3270-S1W,47,47,45,0
15200,1768-4,125,125,119,0
13705,8203GY-1,135,135,129,0
15904,8250RN-2,179,,179,179
16081,9805DG-3PW,569,569,549,0
12751,1949-4,89,,89,89
13814,8355-1PW,389,,389
12681,1978W-1*,399,399,399,0
12000,5544-40,285,285,279,0
16097,9815-3*,415,415,399,0
12464,5302C,129,129,125,0
12752,1949-5,209,,209,209
13817,8329CH-1,155,155,149,0
14202,9909CH-5,179,,179
15388,5400-24BH,75,75,75,0
13086,1918K-1EK*,469,,469,469
12950,1936F-1*,119,119,119,0
14134,8524BK-3,379,379,359,0
12933,1856T-1*,99,99,95,0
14341,2048TW-1,52,52,49,0
13225,1855-9,125,,125,125
15239,1916GY-4,139,,139,139
13913,8303-AC,105,105,99,0
11979,5516WTS,38,38,37,0
12612,1140E-24S,63,63,61,0
12519,586-60,229,,229
15439,5877BR-1*,199,,199,199
12683,1978W-5,399,399,389,0
13706,8203RD-3,189,,189,189
15198,1768K-1EK*,279,279,279,0
15278,5165GYS,36,36,35,0
12632,2867F-1,179,,179
15234,1904GY-6,36,,36,36
15530,MT-G10F,195,195,189,0
12410,5447-24S,74,74,72,0
14482,1810F-1*,205,,205
15415,1719-1*,199,199,199,0
14481,1810T-1*,175,,175
16057,9937-3PWH,525,525,499,0
13824,8201BRW-3,315,315,299,0
14514,1356TBK-1*,159,,159
14515,1356FBK-1*,169,,169
14486,1810-9,205,,205
12045,5328-45RD*,209,209,199,0
12642,5438K-1EK*,399,399,399,0
14495,2147-6,26,,26,26
13228,1852-1*,199,199,199,0
14499,815TPU-1,69,,69
14455,B1799F*,468,,468
15595,1708BK-1*,169,,169,169
16016,9668NSD-2,339,,339,339
12625,2042-4,59,59,55,0
12703,1967KW-1CK*,225,225,219,0
12442,5447-24S,74,74,72,0
12007,5494S,105,105,100,0
13727,8327BLK-R,146,146,139,0
13982,8336-LR,180,180,169,0
14088,8411-2L,230,230,215,0
14183,9739-L,250,250,235,0
14184,9739-R,250,250,236,0
12618,1990-1*,249,,249
12323,2243-114*,449,449,433,0
12177,2615RFS-NN,65,,65,65
13454,2124-4,119,119,112,0
12332,1188BK-24,31,31,30,0
12919,1882N-1*,179,179,169,0
14339,2050T-1,72,72,69,0
13813,8355-2PW*,550,,550
13089,1918-5,399,,399,399
12304,2615DC-96*,299,299,299,0
14077,8413TL-2,205,205,195,0
14578,1386-12,225,,225,225
14574,1386-4,133,,133,133
12066,1947S,85,85,80,0
13358,2243K-1EK*,579,579,565,0
15190,1766K-1CK*,285,285,279,0
13697,8216DG-2,189,189,179,0
12426,2515S,45,45,42,0
14327,B2013SBDC-1*,359,359,349,0
12107,5285S,37,37,35,0
15691,1728K-1EK*,329,329,319,0
15430,5877KBE-1EK*,239,,239,239
13552,1422-1*,205,,205
15241,1916GY-6,113,,113,113
15840,1715-24,57,57,55,0
14190,9700BLK-2,275,275,259,0
12896,1714BK-6,53,53,52,0
15020,458B-PU,110,110,105,0
15598,1708BK-4,99,,99,99
14102,1234-4,155,155,145,0
15191,1766K-1EK*,285,285,279,0
14431,2145F-1*,99,,99,99
13538,1356BK-9,170,,170
13090,1918-6,103,,103,103
15922,8246GY-2,279,,279,279
12823,1723K-1EK*,479,,479,479
14268,8437-1LT,255,,255,255
15898,8289GY-2,185,185,179,0
14200,9909BR-4,50,,50,50
12635,5873N-1*,205,205,199,0
15911,1218TL-1,125,125,119,0
13573,1385-7*,569,,569
16036,9903GY-3PW,419,419,399,0
13751,8207-1,159,,159
12853,1708K-1EK*,219,,219,219
14204,1200BRW,157,157,149,0
14656,1935-04,185,185,175,0
14042,8300-1PW,389,389,379,0
14209,1279F3S,115,115,109,0
12709,1967W-9,134,134,130,0
15275,5162WW-36,105,105,99,0
15208,1769-5,195,195,189,0
12308,2615RFS-NN,65,,65,65
12660,5400-5,269,269,259,0
12438,2456-40,209,209,199,0
12425,2515-96,279,279,271,0
15295,5566-24BR,41,41,39,0
12737,1955-4,65,65,59,0
14359,2042-6,33,33,31,0
12532,586-40,259,259,249,0
15525,815TN-1,72,72,69,0
15891,8255GY-2RCNPHD,385,385,365,0
12227,5100-84*,347,347,329,0
14230,8205BR-1,95,95,89,0
12164,5425-24,56,56,55,0
12269,2601-24,21,21,20,0
15455,5876BE-1*,169,,169,169
14126,9668BLK-2,359,359,339,0
13696,8216DG-3,209,209,199,0
14110,8511BK-2,195,195,185,0
15734,1722-6,72,72,72,0
14650,8079-04,69,,69,69
12509,1393BKS,45,,45,45
12523,727-24,57,57,55,0
12503,1393BKS,45,,45,45
14037,8308-3PW*,565,565,549,0
12824,1723-1*,379,,379,379
14076,8413TL-3,225,225,215,0
14501,B2013FFDC-1*,275,275,265,0
15167,1730GY-6,52,52,52,0
13957,8469-1,269,269,259,0
13700,8225-2,205,205,195,0
16114,9922CN-1,155,155,149,0
16090,8258-3,409,,409,409
12538,586-36,165,165,159,0
15500,5875FGY-1*,205,205,199,0
12051,5267RF-96*,317,317,309,0
14690,5177-04,130,130,125,0
14691,5177-05,165,165,155,0
12669,2259GY-9,259,259,250,0
12460,2434-48,43,43,41,0
14689,5177-30,165,165,155,0
14135,8524BK-1,235,235,225,0
15470,5876KGY-1EK*,209,,209,209
14176,9723-1,235,,235,235
12489,3270-S1BK,47,47,45,0
14715,3224N-17,209,209,199,0
14718,17807*,67,,67,67
14706,3224N-17,209,209,199,0
14717,17809*,91,,91,91
15473,5876KGY-1CKDW*,299,,299,299
14303,B2043TF-1*,215,215,209,0
13968,8329BLK-3,255,255,239,0
15064,50990-T,145,145,139,0
15494,5875KBR-1EK*,255,255,249,0
12086,5423S,45,,45
14382,1708-9,199,,199,199
13518,1733-9,199,199,195,0
14681,3533-05,169,,169,169
14132,8524RD-2,379,379,359,0
12837,1717K-1EK*,419,419,419,0
13796,8200BRW-1,315,315,299,0
12088,5469S,22,,22
14068,8579DB-2,185,,185,185
14304,B2043-1*,185,185,179,0
15968,9957GY*SC,319,319,299,0
14620,5400-05,87,87,85,0
14246,1193F5S,139,139,133,0
12369,2529S,44,44,42,0
12607,5447-24S,74,74,72,0
14291,8548BLK-1,195,195,185,0
12322,2243-55,430,430,420,0
13657,8367CH-5,160,160,150,0
16094,9969GY-R,340,340,320,0
14813,3580-31,125,125,119,0
14318,B2053TFW-1*,215,215,209,0
15458,5876KBE-1EKDW*,299,,299,299
14010,8480RED-3PW,499,499,479,0
12631,2867-1,189,189,179,0
14629,3593-04*,95,95,89,0
12816,1824K-1EK*,599,599,599,0
12386,1156BLK,37,,37,37
13734,8244RN-3,229,229,215,0
11967,5520-13,71,71,69,0
15481,5874KNV-1CK*,195,195,189,0
13713,8235SS-1,125,125,119,0
13415,2147-6,26,,26,26
13799,8200BRW-1PW,365,365,349,0
13222,1855-4,60,,60,60
12314,5055-50*,599,599,569,0
12646,5438-6,43,43,42,0
13822,8334DBR-2,349,349,329,0
14322,B2053W-4,59,,59,59
13681,8224TN-3,205,205,199,0
14810,3604-31,55,,55
14249,1270F2S,129,,129
14603,2025T-1HB,52,52,50,0
14326,B2013DC-9,109,,109,109
13065,1919K-1EK*,699,699,699,0
12120,1915S,45,45,44,0
13739,8244BU-1,149,149,139,0
13177,5789N-1*,175,175,165,0
12805,1907W-5,339,339,329,0
14275,1191F5S,71,,71,71
14885,4502FA,145,,145,145
13571,1385-5,329,,329,329
14675,3256RF-02,52,52,49,0
15171,1752-1*,359,359,349,0
13889,8480GRY-AR,120,120,110,0
12951,1936T-1*,109,109,109,0
14713,3224N-05,157,157,149,0
14688,8412-04,239,239,229,0
13650,8226GY-AC,95,,95
13686,8224DG-1,120,120,120,0
13718,8235GY-1,125,125,119,0
14628,3593-01*,115,115,109,0
13568,1385-1*,289,,289,289
12270,5038-48,49,49,47,0
16060,9920RF-3PWH,495,495,479,0
14884,4506PU,109,,109,109
14408,1386PP-R,123,,123,123
15540,MT-G08F,155,155,149,0
13410,2147-1*,109,,109,109
12790,1916BK-9,249,,249,249
14072,8427-1,279,279,269,0
13224,1855-6,33,,33,33
14071,8427-2,419,419,399,0
13234,1845K-1CK*,379,379,379,0
14902,1193F6S,139,139,133,0
12847,1711F-1*,259,259,249,0
12521,586-40,259,259,249,0
12256,710S,55,55,52,0
14092,8411-CR,171,171,166,0
16014,9917DB-R,180,180,170,0
13977,8336-AC,120,120,115,0
12659,5400-4,109,109,109,0
14677,3257RF-04,85,85,79,0
13428,1737KNC-1EK*,465,465,459,0
12708,1967W-6,72,72,72,0
14446,1904-6,36,,36,36
14281,1212F1S,133,,133,133
12661,5400-6,52,52,52,0
14856,4508-PH,41,41,39,0
13355,2243-9,340,340,329,0
15917,1218RN-1,125,125,119,0
14105,8518-1,95,,95
15916,1218RN-2,179,179,169,0
14493,2147-4,49,,49,49
12677,2046-9,185,185,179,0
14759,5553-05,155,155,149,0
12707,1967W-5,173,173,169,0
12535,586-13,62,62,60,0
13411,2147T-1*,99,,99,99
14771,5554-05,199,199,189,0
13457,2124-9,235,235,225,0
14766,710-30*,139,139,135,0
13138,2147KSG-1EK*,185,,185,185
14372,1977-7,379,379,369,0
14329,B2013DC-T,38,38,37,0
13759,8245GY-1,145,145,139,0
14378,1708T-1*,149,,149,149
16123,9938GY-3,219,219,209,0
12445,3217PU*,259,259,245,0
15029,5099-16,145,145,135,0
14887,4501-F1,85,,85,85
13876,8230BRW-1,209,209,199,0
11969,5518-78*,281,281,269,0
12626,2042-5,149,149,145,0
15246,292BK-1CK*,479,479,479,0
14168,9724BRW-3,345,345,329,0
14933,H11762,83,83,79,0
13070,1919-9,469,469,449,0
15159,1730-5,204,204,199,0
13068,1919-5,619,619,599,0
14352,2039W-4,95,95,89,0
13853,8490FBR-AC,120,120,115,0
12691,1977-5,249,249,239,0
12865,1707-6,55,55,53,0
12347,2546-96,259,259,249,0
12723,1958-9,259,259,249,0
12704,1967KW-1EK*,225,225,219,0
13928,8327TL-3,225,225,215,0
15166,1730GY-5,204,204,199,0
16048,9928DBR-3,259,259,245,0
14606,4960DB-NT,145,145,139,0
13936,8327GY-3,225,225,215,0
13155,2615DC-5,355,355,345,0
13363,2243-9,340,340,329,0
12405,2456-40,209,209,199,0
14833,3224N-17,209,209,199,0
14824,4741FA,85,85,82,0
13988,8490-CR,210,210,199,0
13857,8490FBR-LC,230,230,219,0
14271,8401-3SC,239,239,225,0
12735,1955-1*,109,109,109,0
14178,9769BR-1LT,249,249,235,0
15028,5099-22,205,205,195,0
12840,1717-5,419,419,399,0
12788,1916BK-5,299,,299,299
12087,5469-60,71,,71
12156,5400-13,82,82,79,0
12517,5235-54*,205,205,199,0
12144,5428-S3,79,79,75,0
12151,5438-14A,165,165,159,0
12606,2459,299,299,289,0
13236,1845-1*,299,299,299,0
14937,H11765*,209,209,199,0
14014,8480RED-1PW,309,309,295,0
12062,1958-50*,719,719,699,0
14334,2051FBK-1,72,72,69,0
16069,8257BRW-3,275,275,259,0
14613,5794TAK-1,57,,57,57
14511,1349-5,239,,239,239
14762,5543-05,239,239,229,0
15134,5512-31,119,,119
15119,8059-T,175,175,165,0
12170,2615DC-24,70,,70
16025,9911DBR-3,359,359,339,0
13309,2147W-6,33,,33,33
15422,2220DBR-1*,85,,85,85
12954,1936-6,32,32,32,0
14026,8325BLK-2,349,349,329,0
12662,5400-9,229,229,219,0
14758,5553-04,115,115,109,0
12129,5415RF-78*,279,279,269,0
13711,8235SS-3,209,209,199,0
15856,5547-24BH,67,67,65,0
14007,8480BRW-2,379,379,359,0
14768,710-05*,139,139,135,0
13172,1869-6,76,,76,76
13213,1866-1*,399,,399,399
13997,8318-CN,120,120,120,0
13829,8201BLK-1,199,199,189,0
14237,8228BU*,439,439,419,0
15920,1218DG-1,125,125,119,0
14175,9723-2,299,,299,299
11953,5531-50*,999,999,999,0
12651,5415RF-4,129,129,129,0
15896,8225NGY-4,60,60,59,0
12136,5428-45RD*,227,227,219,0
14903,1193F7S,139,139,133,0
15035,3224N-16,163,163,155,0
15047,3224N-17,209,209,199,0
15036,3224N-17,209,209,199,0
15014,4728ES,47,47,45,0
12168,5425-40,309,309,299,0
12139,5428-S3,79,79,75,0
12145,5428-40,359,359,339,0
13714,8235GY-L,140,140,134,0
13994,8318-5R,360,360,350,0
13675,8378BRW-R,160,160,150,0
13859,8490FBR-RC,230,230,219,0
12005,5494-76*,299,299,299,0
12078,1704A,140,,140,140
16046,9990DB-2,315,315,299,0
14342,2047FBK-1,72,72,69,0
12221,5115-92*,259,,259
13419,2145K-1EK*,149,,149,149
13793,8239-1,205,205,199,0
11998,5544S,50,50,49,0
14451,2147SG-5,139,,139,139
14103,8518-3,175,,175
14785,5556-04,135,135,129,0
14248,1270F3S,129,,129
12059,1958-96,299,299,299,0
12063,1958-40,359,359,349,0
12697,1968-1*,139,,139,139
13825,8201BRW-2,315,315,299,0
12263,5035SVE-24,29,29,28,0
15040,4519-15,179,179,169,0
13758,8245GY-2,199,199,189,0
11948,5532-36*,75,75,69,0
12243,1828-40,369,,369
12724,1958-15*,439,439,425,0
12169,2615DC-36*,219,,219
11958,5525-36,243,243,229,0
15109,H10125,115,115,109,0
12239,1828-92,335,,335
11963,5525DGS,53,53,50,0
12099,586GY-82,203,203,197,0
15355,8229-ARPW,179,179,169,0
12409,5447-36XL*,273,273,269,0
14573,1386T-1*,175,,175,175
15022,471PU,83,83,79,0
12131,5415RF-13,100,100,99,0
12244,1828-6,117,,117
12207,5155S,23,,23
15207,1769-4,85,85,79,0
12527,586-14,72,72,70,0
15731,1722-1*,259,259,249,0
12675,2046-5,183,183,179,0
14020,8480GRY-1PW,309,309,295,0
12439,2447*,123,,123
14364,2046-6,52,52,52,0
12558,710-24,59,59,57,0
15747,1824-50*,919,919,899,0
13304,2147W-1*,129,,129,129
14373,1955T-1*,99,99,99,0
12430,2516A,93,93,88,0
15215,1788-5,247,247,239,0
12040,5456S,45,,45
15172,1752-4,115,115,109,0
12388,1156WHT,37,,37,37
12394,1149WHT,37,,37,37
12346,2547S,41,41,40,0
14667,5466-30,89,89,85,0
12228,5100-S3,63,63,60,0
14668,5466-04,79,79,75,0
12762,1946K-1CK*,549,,549,549
12748,1949K-1CK*,299,,299,299
12629,2867K-1CK*,229,,229
12568,710-40,299,299,289,0
13983,8336-RC,230,230,219,0
15416,1719-4,95,95,89,0
13433,1737NC-9,269,269,259,0
15277,5165GY-48,91,91,89,0
12623,2042-1*,129,129,129,0
14663,3551-05,149,149,139,0
12502,1393BK-78,193,,193
14598,4949BK*,139,,139,139
12384,1157BRW,41,,41,41
14039,8308-1PW,309,309,299,0
12312,5055A,65,65,63,0
12436,2456S,34,34,33,0
14472,2147BK-9,125,,125,125
13176,5789KN-1EK*,225,225,215,0
12861,1707K-1EK*,329,329,329,0
12784,1916KBK-1EK*,389,,389,389
13048,1911-9,319,,319,319
12911,1883KN-1CK*,259,259,249,0
12880,1704-5,529,,529,529
12971,1915-6,43,43,43,0
12885,1714KW-1EK*,389,389,379,0
13030,1927-1*,299,299,299,0
13885,8480RED-AR,120,120,110,0
12959,1904F-1*,119,,119,119
12851,1711-9,225,225,220,0
13083,1912-6,143,,143,143
13120,1916K-1EK*,389,,389,389
14809,3605-31,55,,55
13088,1918-4,169,,169,169
15229,1904GY-1*,119,,119,119
14697,3526-05,249,249,239,0
13880,8230BLK-3,349,349,329,0
12731,1957-6,53,53,53,0
12886,1714W-1*,289,289,279,0
12989,1908-11,145,145,140,0
12843,1717-11,279,,279,279
12958,1904-1*,119,,119,119
12857,1708-5,229,,229,229
12810,1866GY-1*,399,,399,399
12827,1723-6,83,,83,83
13558,1349K-1EK*,285,,285,285
13385,2159K-1EK*,499,,499,499
14783,1288-307,159,159,154,0
13323,1810K-1EK*,285,,285
14767,710-04*,115,115,109,0
13797,8200BRW-3PW,625,625,599,0
12353,2544-64,129,129,123,0
12717,1958K-1CK*,399,399,399,0
13071,1935PNK-1CK*,599,599,599,0
12801,1907KW-1CK*,355,355,349,0
12494,3270-S1W,47,47,45,0
12974,1737KNGY-1CK*,465,465,459,0
13103,1928K-1CK*,299,299,299,0
12836,1717K-1CK*,419,419,419,0
12411,5447-24FAS,74,74,72,0
15792,5572,165,165,159,0
12556,727-40,279,279,269,0
13887,8480GRY-2LCN,290,290,270,0
13989,8490-LC,230,230,219,0
13268,1828-5,479,,479
13645,1277F2S,119,,119,119
14101,1234-1,299,299,289,0
16070,8257BRW-2,255,255,239,0
13678,8219-2,144,144,139,0
13539,1356BK-15,0,,0
13515,1733-4,95,95,89,0
13280,1811KW-1EK*,259,259,255,0
14508,1349T-1*,179,,179,179
13303,2147KW-1EK*,185,,185,185
14571,1386-1*,299,,299,299
14844,2601-31,86,86,82,0
13639,2025-1HB,58,58,56,0
13644,1277F1S,119,,119,119
13651,8226GY-CR,115,,115
13839,8212-AC,105,105,99,0
12949,1936-1*,119,119,119,0
12061,1958S,80,80,75,0
13125,1916-6,113,,113,113
14192,9700BRW-3,295,295,279,0
15235,1904GY-9,124,,124,124
14683,3588-04,58,58,55,0
15544,1726-1*,389,389,379,0
13354,2243-6,115,115,115,0
14035,8326BRW-2,369,369,349,0
13404,2146-4,62,,62
11942,5546-50*,565,565,549,0
12225,5108S,59,59,57,0
15042,2601-15,73,73,69,0
15919,1218DG-2,179,179,169,0
13324,1810-1*,205,,205
14043,9734TP-3,205,,205
13184,1896KN-1EK*,169,169,165,0
16052,9928BLK-2,259,259,245,0
13145,2147SG-9,125,,125,125
13798,8200BRW-2PW,605,605,579,0
12142,5428-S1,63,63,60,0
13899,8308-CN,100,100,95,0
12539,586-24,31,31,30,0
15216,1788-6,53,53,53,0
14005,8480BRW-3,399,399,379,0
12484,5327S,43,43,42,0
12549,1372S,47,,47,47
11975,5516-66,127,127,121,0
14678,3257RF-02,69,69,65,0
13776,8234TT-3,279,,279
12358,2544-13,57,57,54,0
14104,8518-2,155,,155
15771,2544S,35,35,33,0
14185,9739-4,155,155,145,0
13772,8380-1,199,199,189,0
12807,1907W-9,305,305,299,0
14015,8480RED-1,259,259,245,0
14114,9669FCP-AC,100,100,95,0
13295,1799K-1CK*,399,399,399,0
13451,2124K-1CK*,389,389,389,0
13249,1834K-1CK*,499,499,499,0
13364,2243-11,340,340,329,0
15030,5099-17,209,209,199,0
13843,8212-LR,171,171,161,0
13844,8212-RR,171,171,161,0
13756,8245GY-3SL,349,349,329,0
13811,8223BK-1PW,349,,349
13135,1845LED-6,116,116,116,0
14174,9723-3,319,,319,319
13317,2147BK-4,59,,59,59
13771,8380-2,285,285,269,0
14670,3587-04,83,83,79,0
14845,4738PU,85,85,82,0
14279,1191F1S,67,,67,67
13998,8318-CR,350,350,340,0
12961,1904-4,69,,69,69
13810,8223BK-2PW*,539,,539
14234,8209BR-3SC,209,209,199,0
14044,9734TP-2,185,,185
13809,8223BK-3PW*,649,,649
12936,1856-6,25,25,25,0
11950,5531-112*,499,499,489,0
14595,4966DG*,255,255,249,0
13915,8303-OT,105,105,99,0
15017,470PU,179,179,169,0
14407,1386FPP-1*,329,,329,329
14432,2145-4,49,,49,49
14333,2052TW-1,52,52,49,0
14488,2021FW-1,73,73,70,0
14207,4501-F1,85,,85,85
14283,1193F1S,139,139,133,0
15276,5162WW-24,40,40,39,0
13144,2147SG-6,33,,33,33
14433,2145-5,119,,119,119
12984,1908-1*,139,139,129,0
14125,9668BLK-3,359,359,339,0
12702,1968-9,139,,139,139
14289,8555WHT-1,105,,105,105
12146,5411RF-82,209,,209
14669,3587-30,125,125,119,0
12720,1958-4,149,149,139,0
12605,2458-36,209,,209,209
13422,2145T-1*,79,,79,79
12408,2466S,65,65,62,0
12397,1148RED,30,,30,30
12750,1949-1*,219,,219,219
14886,4501-F2,85,,85,85
15231,1904TGY-1*,99,,99,99
14316,B2053W-9,109,,109,109
15182,1753-9,159,,159,159
12673,2046F-1*,165,165,159,0
12787,1916BK-4,139,,139,139
12918,1882N-1*,179,179,169,0
14358,2042-5,149,149,145,0
12354,2544S,35,35,33,0
15066,5099-17,209,209,199,0
12137,5428-S1,63,63,60,0
14241,8327GY-1S,165,165,155,0
14900,8327GY-1S,165,165,155,0
13901,8308-LCPW,260,260,250,0
13993,8318-5L,360,360,350,0
13999,8318-LRPW,280,280,270,0
13979,8336-CN,71,71,64,0
14116,9669FCP-CR,165,165,155,0
14146,9739CH-L,250,250,235,0
14147,9739CH-R,250,250,236,0
14356,2042T-1*,89,89,89,0
13978,8336-AR,140,140,135,0
14004,8480BRW-3PW,499,499,479,0
12757,1947-1*,399,,399
12712,1961-1*,139,139,139,0
14229,8215BJ-1,125,125,119,0
14441,1936-9,120,120,119,0
14041,8300-2PW*,659,659,639,0
12596,5104,239,239,235,0
12811,1866GY-4,185,,185,185
15903,8250RN-3,199,,199,199
14278,1191F3S,71,,71,71
12706,1967W-4,65,65,59,0
14311,B2053W-9,109,,109,109
13967,8329BRW-1,155,155,149,0
14196,9701BLK-2,125,,125,125
14034,8326BRW-3,389,389,369,0
14032,8326BLK-2,369,369,349,0
12758,1947-4,119,,119
14343,2047TBK-1,52,52,49,0
12311,5055-82,285,285,269,0
14086,8412-2,599,599,565,0
13881,8230BLK-2,349,349,329,0
13107,1928-5,249,249,239,0
15773,5163-48,81,81,79,0
13161,2168WW-1*,619,,619,619
14519,1356BK-9,170,,170
13816,8329CH-2,235,235,219,0
15517,1759-1,105,105,99,0
13770,8380-3,305,305,289,0
15332,5614-72,145,145,139,0
12943,2220-4,39,,39,39
13795,8200BRW-2,505,505,479,0
13996,8318-ARPW,260,260,250,0
14649,8079-30,85,,85,85
13170,1869-4,95,,95,95
13693,8216SD-3,209,209,199,0
15269,4555BU,105,105,99,0
15270,4555GY,105,105,99,0
15381,8327DBR-1,140,140,135,0
15271,4555NV,105,105,99,0
15380,8327DBR-2,205,205,195,0
14111,8511BK-1,139,139,135,0
12894,1714BK-4,125,125,119,0
15245,1916GY-FBH,75,,75,75
13565,1349-9,185,,185,185
15379,8327DBR-3,225,225,215,0
14616,5438-04,105,105,99,0
14615,5438-30,125,125,119,0
12437,2456-13,57,57,54,0
15852,5547-13,46,46,45,0
12863,1707-4,145,145,139,0
15301,5566-24WT,41,41,39,0
14631,2952-04N,59,,59,59
13164,2168WW-6,137,,137,137
15365,8260GY-ARPW,160,160,150,0
12947,1936K-1CK*,179,179,179,0
15515,1759-1,105,105,99,0
14420,1856-4,55,55,50,0
12694,1977-7,379,379,369,0
15007,4738PU,85,85,82,0
15523,815KN-1,112,112,109,0
13858,8490FBR-LR,180,180,169,0
14317,B2053FFW-1*,275,275,265,0
14418,1856T-1*,99,99,95,0
12969,1915-4,69,69,69,0
12846,1711-1*,259,259,249,0
12972,1915-9,259,259,249,0
15335,5626-70,151,151,143,0
15252,292B-9,289,289,279,0
14235,8208-3SC,209,209,199,0
15303,5576RD*,109,,109,109
13254,1834-6,63,63,63,0
14596,4966BR*,255,255,249,0
12674,2046-4,75,75,69,0
12985,1908-4,69,69,69,0
14199,9909BR-5,179,,180,179
14604,4962DB-NT,199,,199,199
13186,1896FN-1*,119,119,115,0
14618,5400-30,87,87,85,0
14297,B2043SB-1*,359,359,349,0
15304,5576S,39,,39,39
14594,4967BK-NT,155,155,149,0
14227,8213-1,125,125,119,0
14652,5428-30,189,189,179,0
14274,1191F6S,71,,71,71
15774,5163S,36,36,35,0
15333,5614S,40,40,39,0
13297,1799-1*,299,299,299,0
14750,3205-30*,105,105,99,0
15327,5608S,31,31,30,0
14751,3205-04,83,83,79,0
15313,5581-13,69,69,65,0
15893,8225NGY-3,225,225,215,0
15310,5581-84*,333,333,319,0
14290,8555BLK-1,105,,105,105
14747,3401W-30*,135,135,129,0
15536,MT-G12Q,279,279,269,0
15264,3613-04,95,95,89,0
12931,1856-1*,109,109,105,0
14799,3299-04,129,129,125,0
15255,3590-05,125,125,119,0
14454,2147SG-12,119,,119,119
14790,3219-04,82,,82,82
15181,1753-6,42,,42,42
14430,2145T-1*,79,,79,79
15339,5882-1,115,115,109,0
13425,2145-6,32,,32,32
14687,8412-30,299,299,279,0
13298,1799-4,159,159,149,0
15222,1856TNG-1*,115,115,109,0
15223,1856NG-4,59,59,59,0
12893,1714BK-1*,289,289,279,0
14369,1977-5,249,249,239,0
14704,3224N-05,157,157,149,0
14714,3224N-16,163,163,155,0
12531,586-13,62,62,60,0
12536,586-14,72,72,70,0
15346,B2013DC-R,53,53,52,0
15347,B2013DC-T,38,38,37,0
14321,B2053W-T,38,38,37,0
13849,8238-LC,200,200,190,0
15368,8260GY-LRPW,196,196,186,0
13301,1799-9,299,299,289,0
15280,5415RF-04,129,129,119,0
14355,2039W-9,185,185,179,0
14716,3224N-30,105,105,99,0
12834,1718GY-6,53,53,52,0
15263,3613-30,105,105,99,0
14330,B2013DC-4,59,,59,59
14325,B2013DC-4,59,,59,59
15354,8229-AC,105,105,99,0
15338,5882K-1EK,155,155,149,0
15279,5415RF-30,199,199,199,0
13781,8233TT-5,265,265,249,0
14577,1386-9,225,,225,225
15324,5604-24,29,29,28,0
15320,5602-24WT,51,51,50,0
13299,1799-5,349,349,339,0
13163,2168WW-5,579,,579,579
14770,5554-04,135,135,129,0
15334,5614-13,50,50,49,0
15292,5566-36*,115,115,109,0
14883,4507-F1,79,79,75,0
15206,1769-1*,255,255,249,0
14749,3401W-05*,135,135,129,0
15781,5599S,30,30,29,0
15343,5885-1*,209,209,199,0
15273,4976*,235,235,229,0
14124,9668BRW-1,215,215,205,0
13300,1799-6,83,83,83,0
15288,5559N-96*,329,329,319,0
15328,5609-48*,263,263,249,0
14485,1810-6,44,,44
15289,5559NS,60,60,59,0
15527,815N-1,82,82,79,0
15329,5609A,79,79,75,0
15524,815N-1,82,82,79,0
15344,5885F-1*,209,209,199,0
15342,5885K-1EK*,259,259,249,0
15274,4977GY,165,165,159,0
14484,1810-5,235,,235
15267,3614-05,105,105,99,0
13165,2168WW-9,444,,444,444
15336,5626S,41,41,39,0
14483,1810-4,81,,81
15205,1769K-1EK*,325,325,319,0
15147,1711K-1CK*,329,329,319,0
15010,4730PU,83,83,79,0
14934,H10076,63,63,59,0
15218,1856KNG-1CK*,175,175,169,0
12763,1946K-1EK*,549,,549,549
14600,4965W-NT,115,115,109,0
15411,1821-6,87,,87,87
15048,3224N-16,163,163,155,0
13279,1811KW-1CK*,259,259,255,0
14881,4520,365,365,349,0
14880,4521,365,365,349,0
13862,8229-ARPW,179,179,169,0
14305,B2043-R,53,53,52,0
13851,8238-RC,200,200,190,0
15363,8256GY-R,575,575,555,0
15366,8260GY-CN,55,55,51,0
15183,1762K-1CK*,279,279,279,0
15175,1752-9,260,260,249,0
12962,1904-5,151,,151,151
12964,1904-9,124,,124,124
15221,1856FNG-1*,125,125,119,0
15155,1730K-1CK*,209,209,209,0
13252,1834-4,129,129,119,0
15178,1753-1*,279,,279,279
14674,3256RF-04,72,72,69,0
15330,5613,125,125,119,0
14890,4500-F1,39,39,37,0
13836,8370BRW-3,279,,279
13141,2147TSG-1*,119,,119,119
15283,5424-1*,289,289,279,0
13564,1349-6,49,,49,49
14661,3551-30,149,149,139,0
14127,9668BLK-1,215,215,205,0
15177,1753K-1EK*,349,,349,349
14947,H11759,73,73,69,0
13838,8370BRW-1,149,,149
15049,3228-15,219,219,209,0
15331,5613S,40,40,39,0
15176,1753K-1CK*,349,,349,349
15013,4728BK,47,47,45,0
15282,5424K-1EK*,389,389,379,0
14122,9668BRW-3,359,359,339,0
13965,8329BRW-3,255,255,239,0
13162,2168WW-4,240,,240,240
13352,2243-4,179,179,175,0
15399,1707KNP-1CK*,369,369,369,0
12053,5267RFS,62,62,60,0
15073,8014-R,159,159,150,0
15394,1603-1*,499,499,499,0
14696,3526-04,195,195,185,0
15291,5559N-40,415,415,399,0
15397,1603-6,102,102,102,0
15406,1821K-1CK*,499,,499,499
15256,3600-31,179,179,169,0
15400,1707KNP-1EK*,369,369,369,0
15387,5400-24SW,65,65,65,0
15412,1821-9,259,,259,259
13296,1799K-1EK*,399,399,399,0
14336,2049F-1,92,92,89,0
14453,2147SG-9,125,,125,125
13431,1737NC-5,319,319,309,0
13821,8334DBR-3,349,349,329,0
15407,1821K-1EK*,499,,499,499
14888,4500-F3,39,39,37,0
15265,3614-01,209,209,199,0
15393,1603K-1EK*,599,599,599,0
12641,5438K-1CK*,399,399,399,0
15003,1193F1S,139,139,133,0
15776,2456S,34,34,33,0
15012,4728AK,47,47,45,0
15391,5400-07,359,359,349,0
12526,586S,31,31,30,0
13935,8327GY-1S,165,165,155,0
13871,8230BRW-2L,250,250,240,0
15367,8260GY-CR,150,150,146,0
14118,9669FCP-RC,181,181,175,0
13661,8367TP-4,53,53,50,0
15290,5559N-14A,175,175,169,0
12202,5167-96*,317,317,309,0
12185,5268S,18,,18
13325,1810F-1*,205,,205
15408,1821-1*,399,,399,399
15410,1821-5,299,,299,299
13655,8226DB-4,75,,75
15520,1761T-1,85,85,79,0
15404,1707NP-6,65,65,63,0
15504,5888F-1*,249,249,239,0
15501,5888K-1CK*,309,309,299,0
14480,2147W-12,119,,119,119
15474,5876KGY-1EKDW*,299,,299,299
15617,1706KLED-1EK*,299,299,299,0
15072,8014-L,159,159,150,0
14932,4692-13,89,89,85,0
13933,8327BE-2,205,205,195,0
14923,4614-F1,73,73,69,0
15502,5888K-1EK*,309,309,299,0
13181,5789BK-1*,165,165,155,0
15444,5877FBR-1DW*,269,,269,269
12215,5145WS,52,,52,52
15196,1766-9,225,225,220,0
15490,5875KBE-1EK*,255,255,249,0
15650,1744-4,125,125,119,0
13815,8329CH-3,255,255,239,0
12738,1955-5,173,173,169,0
14939,H11303,125,125,119,0
15557,1606K-1EK*,399,399,399,0
15685,1727N-1*,175,175,169,0
12124,5435-24SW,67,67,65,0
15492,5875FBE-1*,205,205,199,0
15616,1706KLED-1CK*,299,299,299,0
15559,1606-4,149,149,139,0
15647,1744K-1CK*,319,319,309,0
13737,8244BU-3,229,229,215,0
13837,8370BRW-2,279,,279
15683,1727KN-1CK*,225,225,219,0
15684,1727KN-1EK*,225,225,219,0
15648,1744K-1EK*,319,319,309,0
15476,5876FGY-1DW*,239,,239,239
12154,5400A,50,50,49,0
15653,1744-9,279,279,279,0
12873,1706-6,52,52,52,0
15498,5875KGY-1EK*,255,255,249,0
15426,2220DBR-5,103,,103,103
15488,5874FTE-1*,155,155,149,0
15649,1744-1*,249,249,239,0
15462,5876KBR-1EK*,209,,209,209
15461,5876KBR-1CK*,209,,209,209
15409,1821-4,125,,125,125
15485,5874KTE-1CK*,195,195,189,0
15403,1707-5,311,311,299,0
15519,1761-1,105,105,99,0
15522,1761T-1,85,85,79,0
13360,2243-4,179,179,175,0
14851,469PU,83,83,79,0
15032,5099-16,145,145,135,0
13726,8327BLK-L,146,146,139,0
15390,5400-55,330,330,320,0
15464,5876FBR-1*,169,,169,169
15435,5877BE-1DW*,269,,269,269
12153,5400-94*,309,309,299,0
15427,2220DBR-6,22,,22,22
15401,1707NP-1*,289,289,289,0
15452,5877FGY-1DW*,269,,269,269
13976,8334BLK-1,225,225,215,0
15497,5875KGY-1CK*,255,255,249,0
15484,5874FNV-1*,155,155,149,0
12048,5328-96*,379,379,359,0
15074,8014-B,76,76,74,0
15570,1755K-1CK*,369,369,359,0
15424,2220TDBR-1*,75,,75,75
15111,35800-T,115,115,109,0
15468,5876FBR-1DW*,239,,239,239
12052,5267RFA,87,87,85,0
15421,2220KDBR-1EK*,125,,125,125
13819,8210GRY-2,335,335,319,0
14193,9700BRW-2,275,275,259,0
15071,8014-T,185,185,175,0
11945,5538WS,14,14,13,0
15466,5876KBR-1EKDW*,299,,299,299
15413,1719K-1CK*,269,269,269,0
15486,5874KTE-1EK*,195,195,189,0
15414,1719K-1EK*,269,269,269,0
15447,5877GY-1*,199,,199,199
15469,5876KGY-1CK*,209,,209,209
15532,MT-G10EK,289,289,279,0
15549,1605K-1CK*,459,459,449,0
15562,1606-9,225,225,219,0
15550,1605K-1EK*,459,459,449,0
15457,5876KBE-1CKDW*,299,,299,299
15554,1605-6,67,67,63,0
15477,5874KGY-1CK*,195,195,189,0
15489,5875KBE-1CK*,255,255,249,0
15518,1759T-1,85,85,79,0
13907,9789CF-4,62,62,59,0
15446,5877KGY-1EK*,239,,239,239
15480,5874FGY-1*,155,155,149,0
15593,1708KBK-1CK*,219,,219,219
15438,5877KBR-1EK*,239,,239,239
15551,1605-1*,359,359,349,0
15459,5876BE-1DW*,239,,239,239
15538,MT-G12CK,349,349,339,0
15561,1606-6,72,72,72,0
15558,1606-1*,299,299,299,0
15472,5876FGY-1*,169,,169,169
15546,1726-5,309,309,299,0
15448,5877FGY-1*,199,,199,199
15482,5874KNV-1EK*,195,195,189,0
15552,1605-4,155,155,149,0
15579,1933-1*,449,,449,449
12475,5302A-29,23,23,22,0
15065,5099-16,145,145,135,0
13877,8230BLK-2L,250,250,240,0
13879,8230BLK-CR,181,181,171,0
13852,8238-RR,156,156,150,0
13990,8490-LR,180,180,169,0
15471,5876GY-1*,169,,169,169
15496,5875FBR-1*,205,205,199,0
15553,1605-5,299,299,289,0
15577,1933K-1CK*,549,,549,549
12640,5872N-1*,165,165,159,0
15582,1933-6,72,,72,72
15581,1933-5,349,,349,349
15580,1933-4,129,,129,129
15583,1933-9,299,,299,299
15475,5876GY-1DW*,239,,239,239
14679,3533-30,169,,169
14011,8480RED-3,399,399,379,0
12854,1708-1*,169,,169,169
14269,8404TP-1,122,122,115,0
14680,3533-04,99,,99
12594,5050-36,215,215,209,0
13047,1911-6,93,,93,93
15529,MT-G10T,155,155,149,0
13152,2615KDC-1EK*,559,559,549,0
13239,1845-6,86,86,86,0
13361,2243-5,426,426,415,0
14671,3581-30,179,,179,179
12728,1957-1*,259,259,249,0
13424,2145-5,119,,119,119
14017,8480GRY-3,399,399,379,0
12167,5425S,51,51,50,0
13402,2146K-1EK*,159,,159
13914,8303-LL,195,195,185,0
14787,3219PU-01,229,,229,229
14429,2220-9,89,,89,89
14800,3299-05,169,169,165,0
12319,2243-76*,449,449,433,0
14027,8325BLK-1,239,239,229,0
14721,3508-05,89,89,83,0
15160,1730-6,52,52,52,0
13214,1866-4,175,,175,175
13559,1349-1*,199,,199,199
15728,1756-9,205,205,199,0
15722,1756K-1CK*,225,225,219,0
15723,1756K-1EK*,225,225,219,0
13516,1733-5,249,249,245,0
15591,1708BK-6,53,,53,53
13551,1422K-1EK*,289,,289
12849,1711-5,243,243,239,0
13492,1737W-11,259,259,249,0
15611,1779-1*,199,199,199,0
15678,1604F-1*,239,239,229,0
15586,1708BK-1*,169,,169,169
15590,1708BK-5,229,,229,229
15675,1604K-1CK*,309,309,299,0
14784,5556-30,169,169,159,0
15609,1779K-1CK*,299,299,299,0
13560,1349F-1*,199,,199,199
14743,5560-05,249,249,235,0
13679,8219-1,95,95,90,0
15602,1721K-1CK*,459,459,449,0
13353,2243-5,426,426,415,0
13064,1919K-1CK*,699,699,699,0
12884,1714KW-1CK*,389,389,379,0
13866,8229-RRPW,210,210,198,0
13892,8480BRW-2R,240,240,230,0
13517,1733-6,57,57,56,0
15585,1708KBK-1EK*,219,,219,219
15676,1604K-1EK*,309,309,299,0
15610,1779K-1EK*,299,299,299,0
15714,1919KNC-1EK*,699,699,699,0
15721,1919NC-15*,519,519,499,0
15588,1708TBK-1*,149,,149,149
13570,1385-4,132,,132,132
15720,1919NC-14,60,60,59,0
12960,1904T-1*,99,,99,99
15716,1919NC-4,269,269,259,0
13898,8308-ARPW,205,205,199,0
15717,1919NC-5,619,619,599,0
15592,1708BK-9,199,,199,199
15709,1905-6,56,,56,56
15706,1905-1*,179,,179,179
15589,1708BK-4,99,,99,99
15704,1905K-1CK*,259,,259,259
15719,1919NC-9,469,469,449,0
15584,1708KBK-1CK*,219,,219,219
13903,8318-3PW*,719,719,699,0
15682,1604-9,225,225,219,0
13490,1737W-6,76,76,76,0
15718,1919NC-6,142,142,142,0
15715,1919NC-1*,599,599,599,0
15667,1729-9,330,330,319,0
15661,1729K-1CK*,419,419,409,0
15662,1729K-1EK*,419,419,409,0
14231,8205CH-1,95,95,89,0
15697,1715K-1CK*,379,379,379,0
13563,1349-5,239,,239,239
14653,5428-04,125,125,119,0
13514,1733-1*,169,169,165,0
15737,1832K-1EK*,549,,549,549
15699,1715-1*,299,299,299,0
14572,1386F-1*,225,,225,225
15701,1715-5,329,329,319,0
15739,1832-4,129,,129,129
15736,1832K-1CK*,549,,549,549
15698,1715K-1EK*,379,379,379,0
13513,1733K-1EK*,239,239,235,0
13712,8235SS-2,189,189,179,0
15700,1715-4,119,119,109,0
15741,1832-6,83,,83,83
15742,1832-9,349,,349,349
15594,1708KBK-1EK*,219,,219,219
15738,1832-1*,449,,449,449
14029,8325BRW-2,349,349,329,0
15740,1832-5,389,,389,389
14282,1212F2S,133,,133,133
15703,1715-9,309,309,299,0
14129,9636-2,355,355,335,0
14009,8480BRW-1,259,259,245,0
13792,8239-2,269,269,259,0
14143,9636CC-3,355,355,335,0
13704,8203GY-2,179,179,169,0
15340,5882F-1,115,115,109,0
13861,8229-AC,105,105,99,0
13715,8235GY-R,156,156,145,0
13981,8336-LC,230,230,219,0
13890,8480GRY-CR,201,201,191,0
13886,8480RED-CR,201,201,191,0
15597,1708TBK-1*,149,,149,149
15663,1729-1*,339,339,329,0
15657,1790-4,95,95,89,0
15660,1790-9,255,255,250,0
15672,1745-5,275,275,269,0
15629,1743-6,62,62,62,0
15634,1394-4,259,,259,259
12150,5438S,60,60,59,0
15638,1394-11,359,,359,359
15850,5547-78,127,127,121,0
15637,1394-9,369,,369,369
15670,1745-1*,265,265,259,0
15631,1394K-1CK*,749,,749,749
12122,5435-36*,287,287,279,0
15659,1790-6,55,55,52,0
15641,1394N-1*,649,,649,649
14416,1386-11C,60,,60,60
14985,4605BK,97,97,92,0
15635,1394-5,519,,519,519
13695,8216SD-1,125,125,119,0
13753,8245BR-3,219,219,209,0
15656,1790-1*,185,185,179,0
15626,1743-1*,299,299,299,0
15645,1394N-9,399,,399,399
15643,1394N-5,519,,519,519
14028,8325BRW-3,369,369,349,0
15646,1394N-11,379,,379,379
13708,8203RD-1,129,,129,129
15654,1790K-1CK*,245,245,239,0
15624,1743K-1CK*,399,399,399,0
15655,1790K-1EK*,245,245,239,0
13728,8327BLK-3,225,225,215,0
15625,1743K-1EK*,399,399,399,0
15658,1790-5,285,285,279,0
15627,1743-4,129,129,119,0
15639,1394KN-1CK*,749,,749,749
15628,1743-5,309,309,299,0
14337,2049T-1,72,72,69,0
15630,1743-9,229,229,220,0
15644,1394N-6,113,,113,113
15633,1394-1*,649,,649,649
15762,5514BUS,67,67,65,0
15750,5548S,46,46,45,0
15760,5569-40,289,289,279,0
15730,1722K-1EK*,339,339,329,0
15688,1727N-6,43,43,43,0
15763,5514CHS,67,67,65,0
15765,5514RDS,67,67,65,0
12921,1885KN-1CK*,209,209,199,0
13754,8245BR-2,199,199,189,0
13828,8201BLK-2,315,315,299,0
15227,1904KGY-1CK*,179,,179,179
15756,5492-40,309,309,299,0
15744,1824A,105,105,100,0
15755,5492S,45,45,45,0
15752,5584,71,71,69,0
15757,5569-78,175,175,169,0
15758,5569A,45,45,45,0
15753,5584S,51,51,49,0
14841,4727PU,165,165,155,0
14848,4728BK,47,47,45,0
14117,9669FCP-LL,260,260,245,0
15768,2528-64*,173,173,165,0
15785,5607-24,25,25,24,0
14944,H13475,73,73,69,0
12939,2220K-1EK*,125,,125,125
15769,2528S,44,44,42,0
15764,5514GYS,67,67,65,0
15732,1722-4,125,125,119,0
15748,5548-72,185,185,179,0
15743,1824-112*,499,499,489,0
15784,5607-36RD,89,89,83,0
15733,1722-5,269,269,259,0
15790,5550-32,92,92,89,0
15900,8289BU-3,205,205,199,0
15689,1727N-9,175,175,169,0
12821,1824-9,309,309,299,0
15735,1722-9,260,260,249,0
15729,1722K-1CK*,339,339,329,0
15749,5548A,77,77,75,0
14097,8405BJ-4,79,79,75,0
15823,5580S,52,52,50,0
13134,1845-5,354,354,340,0
15833,1916-50,409,409,399,0
13955,8469-3,369,369,349,0
15830,1916-84,295,295,279,0
12462,2423-36,147,147,141,0
15832,1916-07,389,389,379,0
14067,8579DB-3,205,,205,205
14018,8480GRY-2PW,479,479,459,0
15824,5580-40,369,369,349,0
13140,2147FSG-1*,129,,129,129
15873,5597WTS,51,51,50,0
14324,B2013PRDC-1*,205,205,199,0
12944,2220-5,103,,103,103
15831,1916S,55,55,55,0
15800,1928-78,179,,179,179
13905,8318-1PW,340,340,330,0
15801,1928S,55,,55,55
14050,9734BK-2,195,195,185,0
15802,1928-40,299,,299,299
13139,2147SG-1*,129,,129,129
12435,2456-64,193,193,183,0
14095,8405BJ-2,305,305,289,0
14150,9715PU-2,155,,155,155
13938,8327GY-1,140,140,135,0
15813,1718GY-40,409,409,399,0
15872,5597-53*,205,205,199,0
15822,5580-95,367,367,349,0
14133,8524RD-1,235,235,225,0
13956,8469-2,349,349,329,0
13934,8327BE-1,140,140,135,0
14045,9734TP-1,145,,145
14213,1192BL,92,92,89,0
14512,1349-6,49,,49,49
15860,5627W-40,279,,279
15867,5585-40,259,259,249,0
15858,5627W-36*,100,,100
14186,9734CH-3,215,215,205,0
14218,1194TL,105,105,99,0
14375,1955-5,173,173,169,0
13929,8327BLK-3,225,225,215,0
15382,8327DBR-CR,130,130,123,0
15383,8327DBR-L,146,146,139,0
15384,8327DBR-R,146,146,139,0
14211,1192RN,92,92,89,0
14131,8524RD-3,379,379,359,0
13412,2147F-1*,109,,109,109
13420,2145-1*,99,,99,99
14381,1708-6,53,,53,53
14219,1194CH,105,105,99,0
12887,1714W-4,125,125,119,0
12666,2259GY-4,149,149,139,0
14197,9701BLK-1,95,,95,95
14376,1955-6,32,32,32,0
14198,9909BR-3*,359,,359,359
14187,9734CH-2,195,195,185,0
14380,1708-5,229,,229,229
14151,9715PU-1,105,,105,105
14165,9700FCP-3,295,295,279,0
13409,2147K-1EK*,165,,165,165
14425,2220F-1*,85,,85,85
13390,2159-6,76,,76,76
13423,2145-4,49,,49,49
14406,1386TPP-1*,289,,289,289
15157,1730-1*,149,149,149,0
12831,1718GY-1*,289,289,279,0
14351,2039TW-1*,155,155,149,0
15316,5600-36RD*,97,97,91,0
15164,1730GY-1*,149,149,149,0
14462,B1799-R,129,,129,129
13123,1916-4,139,,139,139
13121,1916-1*,299,,299,299
15253,3590-30,125,125,119,0
15317,5600-24,28,28,27,0
14443,1904F-1*,119,,119,119
15844,5562RF-A2,100,100,99,0
14448,2147TSG-1*,119,,119,119
14475,2147FW-1*,129,,129,129
13305,2147FW-1*,129,,129,129
14655,1935-30,209,209,199,0
13143,2147SG-5,139,,139,139
12180,5473-103*,279,,279,279
15158,1730-4,85,85,79,0
14632,2952-05,79,,79,79
15353,1296F1S,145,145,139,0
15843,5562RF-54*,209,209,199,0
13932,8327BE-3,225,225,215,0
14644,3534-04,89,,89,89
15845,5562S,60,60,59,0
15352,1296F2S,145,145,139,0
14657,1935-05,209,209,199,0
15326,5608-76,105,105,99,0
12987,1908-6,33,33,33,0
15863,5627W-13,50,,50
15864,5627W-40,279,,279
15836,1715-BH,155,155,149,0
14465,B1799-6,73,,73,73
13124,1916-5,299,,299,299
15814,1978W-112,399,399,389,0
15149,1711-1*,259,259,249,0
13238,1845-5,354,354,340,0
12953,1936-5,154,154,149,0
12530,586S,31,31,30,0
15376,8327GY-CR,130,130,123,0
15377,8327GY-L,146,146,139,0
15378,8327GY-R,146,146,139,0
15348,B2013DC-4,59,,59,59
15816,1978WS,105,105,100,0
15862,5627WS,40,,40
15112,35810-T60,249,,249,249
14496,2147-9,100,,100,100
15165,1730GY-4,85,85,79,0
12785,1916BK-1*,299,,299,299
14471,2147BK-6,33,,33,33
15870,5555-13*,135,135,129,0
15868,5555-72*,287,287,279,0
15869,5555A,57,57,55,0
15817,1978W-50*,929,929,899,0
15861,5627W-72,199,,199
12181,5473A,65,,65,65
15230,1904FGY-1*,119,,119,119
14502,B2013TFDC-1*,215,215,209,0
13105,1928-1*,199,199,199,0
14928,4742PU,89,,89,89
14492,2147F-1*,109,,109,109
13388,2159-4,145,,145,145
12895,1714BK-5,253,253,249,0
15815,1978WA,110,110,105,0
14195,9701BLK-3,150,,150,150
15041,4514-15,79,79,75,0
15871,5555-40,339,339,329,0
15297,5566-24GY,41,41,39,0
15259,3608SV-01,115,115,109,0
15294,5566-29BK,44,44,42,0
14309,B2053PRW-1*,205,205,199,0
15298,5566-29GY,44,44,42,0
15309,5581-40,369,369,349,0
15293,5566-24BK,41,41,39,0
12280,5034RUTS,39,39,38,0
11941,5546S,57,57,55,0
15249,292B-4,149,149,139,0
12259,5035BLK-18,21,21,20,0
15243,1916GY-14,34,,34,34
15244,1916GY-15*,365,,365,365
12101,586GY-14,78,78,76,0
15240,1916GY-5,299,,299,299
15828,5424-13,70,70,69,0
12288,17811*,130,,130,130
14300,B2043-4,59,,59,59
15305,5577GY-72*,243,243,231,0
15827,5424S,50,50,50,0
15829,5424-40,359,359,349,0
15237,1916KGY-1EK*,389,,389,389
14307,B2043-4,59,,59,59
14760,5543-30,239,239,229,0
15299,5566-24RD,41,41,39,0
14922,4614-F3,73,73,69,0
15302,5566-29WT,44,44,42,0
12133,5409-78,219,,219,219
12624,2042F-1*,109,109,109,0
12820,1824-6,122,122,122,0
15405,1707-9,269,269,259,0
15034,3224N-05,157,157,149,0
15848,5562S,60,60,59,0
12564,710-40,299,299,289,0
15361,8256-R,575,575,555,0
15451,5877GY-1DW*,269,,269,269
15247,292BK-1EK*,479,479,479,0
13197,1890N-1*,105,105,99,0
15009,4730NF,105,105,99,0
13313,2147KBK-1EK*,185,,185,185
15254,3590-04,71,71,69,0
14308,B2043-9,109,,109,109
12817,1824-1*,499,499,499,0
15619,1706FLED-1*,229,229,229,0
14301,B2043-9,109,,109,109
15248,292B-1*,399,399,399,0
15456,5876FBE-1*,169,,169,169
12600,2514BK-36,245,245,239,0
14590,4971*,255,255,249,0
14350,2039FW-1*,185,185,179,0
15454,5876KBE-1EK*,209,,209,209
15510,5880KDB-1EK,165,165,159,0
15622,1706-6,52,52,52,0
12980,1737NGY-9,269,269,259,0
15445,5877KGY-1CK*,239,,239,239
13533,1356FBK-1*,169,,169
13534,1356TBK-1*,159,,159
14436,1936T-1*,109,109,109,0
14477,2147W-5,139,,139,139
13129,1916-FBH,75,,75,75
13034,1927-9,309,309,299,0
15425,2220DBR-4,39,,39,39
15432,5877FBE-1*,199,,199,199
15436,5877FBE-1DW*,269,,269,269
15571,1755K-1EK*,369,369,359,0
13173,1869-9,200,,200,200
13174,1869-12,219,,219,219
15513,1758-1,105,105,99,0
15576,1755-9,205,205,199,0
14295,B2043-4,59,,59,59
15514,1758T-1,85,85,79,0
13327,1810-4,81,,81
15572,1755-1*,289,289,279,0
13157,2615DC-9,299,299,289,0
15573,1755-4,95,95,89,0
15487,5874TE-1*,155,155,149,0
15574,1755-5,225,225,219,0
15575,1755-6,66,66,63,0
12978,1737NGY-5,319,319,309,0
15543,1726K-1EK*,479,479,469,0
15542,1726K-1CK*,479,479,469,0
14617,5438-05,125,125,119,0
13489,1737W-5,319,319,309,0
13757,8245GY-3,219,219,209,0
15440,5877FBR-1*,199,,199,199
15460,5876FBE-1DW*,239,,239,239
15614,1779-6,72,72,72,0
15621,1706-5,259,259,249,0
12913,1883N-1*,209,209,199,0
12690,1977-4,119,119,109,0
14365,2046-9,185,185,179,0
15314,5581-40,369,369,349,0
12562,710WS,55,55,52,0
12560,710-40,299,299,289,0
14306,B2043-T,38,38,37,0
13669,8378GRY-R,160,160,150,0
15687,1727N-5,235,235,229,0
15437,5877KBR-1CK*,239,,239,239
14428,2220-6,22,,22,22
15608,1721-9,279,279,269,0
15603,1721K-1EK*,459,459,449,0
15746,1824-40,459,459,449,0
15819,5673GYA,50,50,50,0
15818,5673GY-84,205,205,199,0
14445,1904-5,151,,151,151
15217,1788-9,225,225,219,0
15420,2220KDBR-1CK*,125,,125,125
15724,1756-1*,155,155,149,0
15725,1756-4,105,105,99,0
13307,2147W-4,59,,59,59
15441,5877KBR-1CKDW*,329,,329,329
15820,5673GYS,46,46,45,0
15686,1727N-4,92,92,89,0
15727,1756-6,45,45,43,0
15612,1779-4,129,129,119,0
15499,5875GY-1*,205,205,199,0
14757,5553-01,155,155,149,0
14093,8405BJ-3SL,435,435,409,0
15556,1606K-1CK*,399,399,399,0
15613,1779-5,319,319,309,0
14682,3588-30,115,115,109,0
15766,5575,99,,99,99
14609,4829DB*,169,169,159,0
15606,1721-5,299,299,289,0
15615,1779-9,260,260,250,0
15161,1730-9,195,195,189,0
14733,3228-04,99,99,95,0
14006,8480BRW-2PW,479,479,459,0
15726,1756-5,265,265,259,0
15745,1824S,95,95,90,0
15604,1721-1*,359,359,349,0
15607,1721-6,67,67,63,0
15821,5673GY-40,309,309,299,0
15805,5545S,67,67,65,0
15680,1604-5,234,234,229,0
15419,1719-9,185,185,179,0
14025,8325BLK-3,369,369,349,0
14786,5556-05,169,169,159,0
15712,1905-14,34,,34,34
13148,2024T-1HB,52,52,50,0
13387,2159F-1*,399,,399,399
15681,1604-6,42,42,42,0
12250,1808-112*,469,469,459,0
12602,2458,209,,209,209
12349,2546S,60,60,56,0
15674,1745-9,275,275,269,0
15806,5545-40,359,359,349,0
14719,3508-30,89,89,83,0
15587,1708FBK-1*,169,,169,169
15707,1905-4,99,,99,99
15775,2456-64WM,163,163,153,0
12668,2259GY-6,63,63,62,0
15866,5585S,46,46,45,0
14643,3534-30,139,,139,139
15668,1745K-1CK*,345,345,339,0
12188,2546-50*,629,629,599,0
13847,8238-CN,66,66,61,0
14736,3217PU*,259,259,245,0
14737,3217PUS,137,137,130,0
15780,5599-71*,225,225,209,0
15677,1604-1*,239,239,229,0
15711,1905-15*,365,,365,365
14049,9734BK-3,215,215,205,0
15705,1905K-1EK*,259,,259,259
15751,5548-13,71,71,69,0
14046,9734DB-3,215,215,205,0
12255,710-72TR*,265,265,257,0
15708,1905-5,265,,265,265
15632,1394K-1EK*,749,,749,749
15803,5545-112*,347,347,339,0
15710,1905-9,199,,199,199
13807,8223DB-2PW*,539,,539
13755,8245BR-1,145,145,139,0
14232,8237PU-1PW,129,,129,129
15857,5547-40,225,225,219,0
15894,8225NGY-2,205,205,195,0
15779,5595GYS,25,25,24,0
15788,5536S,55,,55,55
15787,5536A,60,,60,60
15786,5536-102,239,,239,239
15778,5595GY-87,165,165,153,0
14094,8405BJ-3,325,325,309,0
12094,5429-36RD,125,125,119,0
13995,8318-AC,160,160,160,0
14459,B1799-9,229,,229,229
15669,1745K-1EK*,345,345,339,0
13937,8327GY-2,205,205,195,0
15865,5585-78,245,245,239,0
12645,5438-5,249,249,239,0
15642,1394N-4,269,,269,269
12644,5438-4,129,129,119,0
13692,8204-2,199,,199,199
15640,1394KN-1EK*,749,,749,749
15796,1133-24S,73,73,71,0
15789,5536-50*,579,,579,579
13694,8216SD-2,189,189,179,0
15596,1708FBK-1*,169,,169,169
14458,B1799-4,109,,109,109
14460,B1799T-1*,199,,199,199
15810,5589-40M,309,309,299,0
15847,5562-96*,299,299,289,0
12301,5056A,55,55,52,0
14463,B1799-4,109,,109,109
13845,8238-AC,105,105,100,0
12486,5445BKS,26,,26
15835,1715S,62,62,60,0
13562,1349-4,103,,103,103
14769,5554-30,199,199,189,0
15875,5568A,45,45,45,0
14468,2147FBK-1*,129,,129,129
14362,2046-4,75,75,69,0
14363,2046-5,183,183,179,0
15777,2456-13,57,57,54,0
15135,3224N-04,73,73,69,0
15037,3224N-30,105,105,99,0
15853,5547-40,225,225,219,0
13864,8229-CR,186,186,178,0
13984,8336-RR,180,180,169,0
13883,8480RED-2LCN,290,290,270,0
13884,8480RED-2R,240,240,230,0
14732,3228-30,189,189,179,0
15807,5589-90*,277,277,267,0
15834,1715-94,369,369,359,0
14576,1386-6,75,,75,75
13648,9789BRG-3LC,205,205,195,0
15296,5566-29BR,44,44,42,0
13863,8229-CN,60,60,59,0
15874,5568-78,149,149,143,0
15839,1715-36,289,289,279,0
15808,5589S,53,53,52,0
15809,5589-13,67,67,65,0
15876,5568S,40,40,39,0
14466,B1799-9,229,,229,229
15877,5568-40,289,289,279,0
12718,1958K-1EK*,399,399,399,0
12585,5511-36,205,205,199,0
13750,8207-2,239,,239
15449,5877KGY-1CKDW*,329,,329,329
15804,5545A,77,77,75,0
14510,1349-4,103,,103,103
14722,3447-30,145,145,135,0
14447,1904-9,124,,124,124
15428,2220DBR-9,89,,89,89
13156,2615DC-6,56,56,56,0
13153,2615DC-1*,459,459,449,0
13154,2615DC-4,159,159,149,0
14353,2039W-5,191,191,189,0
15696,1728-9,205,205,199,0
13749,8207-3,279,,279
12599,5447-29S,77,77,75,0
14123,9668BRW-2,359,359,339,0
14597,4966*,255,255,249,0
12525,586-82,165,165,159,0
13389,2159-5,310,,310,310
13168,1869K-1EK*,369,,369,369
14941,H11297,115,115,109,0
14815,3561-31*,155,155,149,0
12860,1707K-1CK*,329,329,329,0
12852,1708K-1CK*,219,,219,219
12616,1990K-1CK*,329,,329
12710,1961K-1CK*,199,199,199,0
12695,1968K-1CK*,189,,189,189
12822,1723K-1CK*,479,,479,479
13384,2159K-1CK*,499,,499,499
13203,1867K-1CK*,599,,599,599
12965,1915K-1CK*,289,289,279,0
12955,1936-9,120,120,119,0
13151,2615KDC-1CK*,559,559,549,0
12648,5415RFK-1CK*,339,339,329,0
13179,5789KBK-1CK*,215,215,205,0
13175,5789KN-1CK*,225,225,215,0
12520,586S,31,31,30,0
15356,8229-CN,60,60,59,0
15358,8229-LRPW,210,210,198,0
13872,8230BRW-2RCN,310,310,290,0
14328,B2013DC-R,53,53,52,0
14505,B2013DC-T,38,38,37,0
15357,8229-CR,186,186,178,0
13418,2145K-1CK*,149,,149,149
13042,1911K-1CK*,369,,369,369
12902,5797KN-1CK*,199,,199
13028,1927K-1CK*,399,399,399,0
13119,1916K-1CK*,389,,389,389
12997,1844KDC-1CK*,399,399,399,0
12663,2259KGY-1CK*,499,499,499,0
12867,1706K-1CK*,259,259,259,0
13519,5790K-1CK*,129,,129,129
13408,2147K-1CK*,165,,165,165
15337,5882K-1CK*,155,,155
13159,2168KWW-1CK*,719,,719,719
13401,2146K-1CK*,159,,159
12938,2220K-1CK*,125,,125,125
13137,2147KSG-1CK*,185,,185,185
13130,1845LED-1CK*,469,,469
15509,5880KDB-1CK*,165,,165
14214,1192BE,92,92,89,0
14212,1192GY,92,92,89,0
15004,1193F2S,139,139,133,0
15993,1219GY-2,189,189,179,0
14262,1255F1S,85,85,80,0
15620,1706-4,109,109,99,0
15623,1706-9,239,239,229,0
15402,1707-4,145,145,139,0
15148,1711K-1EK*,329,329,319,0
12891,1714KBK-1CK*,389,389,379,0
15837,1715-50*,519,519,499,0
12829,1718KGY-1CK*,389,389,379,0
13512,1733K-1CK*,239,239,235,0
13427,1737KNC-1CK*,465,465,459,0
13485,1737KW-1CK*,465,465,459,0
15516,1759T-1,85,85,79,0
13183,1896KN-1CK*,169,169,165,0
12074,1935A,140,140,135,0
12071,1935S,130,130,125,0
13368,2169SLK-1CK*,769,769,749,0
13357,2243K-1CK*,579,579,565,0
14702,3224N-30,105,105,99,0
12495,3270-S1BK,47,47,45,0
14842,468CP,135,135,129,0
14846,4732PU,169,169,159,0
12093,5429-24ST,41,41,39,0
15359,8229-RRPW,210,210,198,0
15890,8255GY-2LCNPHD,385,385,365,0
16104,8259-LRPWH,236,236,229,0
16105,8259-RRPWH,236,236,230,0
15888,8260DB-LRPW,196,196,186,0
15369,8260GY-RRPW,196,196,186,0
15960,9914CH-2RCN,240,240,225,0
