number,price
1107BGD,38.00
1107BLK,45.00
110QF,23.00
1131-24S,67.00
1131-29S,71.00
1133-24S,71.00
1133-29S,77.00
1140E-24S,61.00
1140E-29S,67.00
1144E-24S,61.00
1144E-29S,67.00
1145BLK,21.00
1145RED,21.00
1145WHT,21.00
1146RED,21.00
1147BLK,27.00
1147RED,27.00
1147WHT,27.00
1148BLK,30.00
1148RED,30.00
1148WHT,30.00
1149BLK,37.00
1149RED,37.00
1149WHT,37.00
1155BLK,37.00
1155RED,37.00
1155WHT,37.00
1156BLK,37.00
1156RED,37.00
1156WHT,37.00
1157BRW,41.00
1157RED,41.00
1178BLK,51.00
1178RED,51.00
1178WHT,51.00
1188BK-24,30.00
1188DB-24,30.00
1188RD-24,30.00
1191F1S,67.00
1191F2S,67.00
1191F3S,71.00
1191F4S,71.00
1191F5S,71.00
1191F6S,71.00
1192BE,89.00
1192BL,89.00
1192GY,89.00
1192RN,89.00
1193F1S,99.00
1193F2S,99.00
1193F3S,99.00
1193F4S,99.00
1193F5S,99.00
1193F6S,99.00
1193F7S,133.00
1194CH,99.00
1194IN,99.00
1194TL,99.00
1194TP,99.00
1195F1S,149.00
1197F1S,139.00
1197F2S,139.00
1200BLK,149.00
1200BRW,149.00
1212F1S,133.00
1212F2S,133.00
1212F4S,133.00
1215BRS,48.00
1215CRS,48.00
1215GRS,48.00
1215RDS,48.00
1216F1S,139.00
1217F1S,209.00
1217F2S,199.00
1218F1S,119.00
1219GY-1,109.00
1220F1S,119.00
1220F2S,119.00
1220F3S,119.00
1221-1,149.00
1222F1S,57.00
1224F1S,89.00
1224F2S,89.00
1224F4S,89.00
1225-1,149.00
1233GY,133.00
1233MD,133.00
1233RN,133.00
1233TL,133.00
1234-1,289.00
1234-4,145.00
1235BR,95.00
1235CH,95.00
1245F2S,169.00
1249F1S,119.00
1255F1S,80.00
1257F1S,289.00
1260F1S,169.00
1260F2S,169.00
1266F1S,179.00
1267GY,139.00
1270F1S,179.00
1270F2S,179.00
1270F3S,179.00
1277F1S,119.00
1277F2S,119.00
1279F2S,109.00
1279F3S,109.00
1280BE,119.00
1280BL,119.00
1280GY,119.00
1288-301,154.00
1288-305,123.00
1288-307,154.00
1303-24S,65.00
1313-1,114.88
1313-11,215.00
1313-2,50.06
1313-3,104.06
1313-4,109.00
1313-5,225.00
1313-6,46.00
1313K-1CK,170.88
1313K-1EK,170.88
1313K-2CK,75.06
1313K-2EK,75.06
1313K-3CK,129.06
1313K-3EK,129.06
1313KW-3EK,119.06
1342PUK-1CK,124.88
1346-3,25.06
1346F-2,44.06
1348DC-2,32.06
1348FDC-2,32.06
1348KDC-2CK,27.06
1348KDC-3CK,36.06
1349-1,89.88
1349-2,69.06
1349-3,40.06
1349-4,103.00
1349-5,239.00
1349-6,49.00
1349-9,185.00
1349F-1,89.88
1349F-2,69.06
1349F-3,40.06
1349K-1CK,124.88
1349K-1EK,124.88
1349K-2CK,105.06
1349K-2EK,105.06
1349K-3CK,55.06
1349K-3EK,55.06
1349T-1,79.88
1349T-2,59.06
1349T-3,40.06
1356BK-1,79.88
1356BK-15,175.00
1356BK-2,50.06
1356BK-3,39.06
1356BK-4,72.00
1356BK-5,195.00
1356BK-6,57.00
1356BK-9,170.00
1356C-1,79.88
1356C-2,50.06
1356C-3,39.06
1356C-4,72.00
1356C-5,195.00
1356C-6,57.00
1356C-9,170.00
1356FBK-1,79.88
1356FBK-2,50.06
1356FBK-3,39.06
1356FC-1,79.88
1356FC-2,50.06
1356FC-3,39.06
1356FPRBK-1,84.88
1356FPRBK-2,85.04
1356FPRBK-3,39.04
1356FPRW-1,84.88
1356FPRW-2,85.04
1356FPRW-3,39.04
1356FW-1,79.88
1356FW-2,50.06
1356FW-3,39.06
1356KBK-1CK,115.88
1356KBK-1EK,115.88
1356KBK-2CK,80.06
1356KBK-2EK,80.06
1356KBK-3CK,49.06
1356KBK-3EK,49.06
1356KC-1CK,115.88
1356KC-1EK,115.88
1356KC-2CK,80.06
1356KC-2EK,80.06
1356KC-3CK,49.06
1356KC-3EK,49.06
1356KW-1CK,115.88
1356KW-1EK,115.88
1356KW-2CK,80.06
1356KW-2EK,80.06
1356KW-3CK,49.06
1356KW-3EK,49.06
1356PRBK-R,90.04
1356PRBK-T,90.04
1356PRW-R,90.04
1356PRW-T,90.04
1356TBK-1,79.88
1356TBK-2,40.06
1356TBK-3,39.06
1356TC-1,79.88
1356TC-2,40.06
1356TC-3,39.06
1356TPRBK-1,79.88
1356TPRBK-2,70.04
1356TPRBK-3,39.04
1356TPRW-1,79.88
1356TPRW-2,70.04
1356TPRW-3,39.04
1356TW-1,79.88
1356TW-2,40.06
1356TW-3,39.06
1356W-1,79.88
1356W-15,175.00
1356W-2,50.06
1356W-3,39.06
1356W-4,72.00
1356W-5,195.00
1356W-6,57.00
1356W-9,170.00
1372-24,52.00
1372-36,209.00
1372-40,309.00
1372-78,209.00
1372S,47.00
1379S,45.00
1385-1,144.88
1385-11,275.00
1385-2,104.06
1385-3,40.06
1385-4,132.00
1385-5,329.00
1385-6,84.00
1385-7,339.88
1385-8,229.12
1385-9,275.00
1385F-1,144.88
1385F-2,104.06
1385F-3,40.06
1385K-1,194.88
1385K-2,134.06
1385K-3CK,50.06
1385K-3EK,50.06
1386-1,145.88
1386-10,153.00
1386-11,285.00
1386-11C,60.00
1386-12,225.00
1386-2,104.06
1386-3,49.06
1386-4,133.00
1386-5,277.00
1386-6,75.00
1386-7,288.00
1386-9,225.00
1386D,139.88
1386D-1,85.12
1386DNC,139.88
1386DNC-1,85.12
1386F-1,109.88
1386F-2,70.06
1386F-3,45.06
1386FNC-1,109.88
1386FNC-2,70.06
1386FNC-3,45.06
1386FPP-1,129.88
1386FPP-2,125.04
1386FPP-3,45.04
1386FPP-3CP,29.04
1386FPPNC-1,129.88
1386FPPNC-2,125.04
1386FPPNC-3,45.04
1386FPPNC-3CP,29.04
1386NC-1,145.88
1386NC-10,153.00
1386NC-11,285.00
1386NC-11C,60.00
1386NC-12,225.00
1386NC-2,104.06
1386NC-3,49.06
1386NC-4,133.00
1386NC-5,277.00
1386NC-6,75.00
1386NC-7,288.00
1386NC-9,225.00
1386PPNC-R,123.00
1386PP-R,123.00
1386T-1,79.88
1386T-2,55.06
1386T-3,40.06
1386TNC-1,79.88
1386TNC-2,55.06
1386TNC-3,40.06
1386TPP-1,110.88
1386TPP-2,109.04
1386TPP-3,40.04
1386TPP-3CP,29.04
1386TPPNC-1,110.88
1386TPPNC-2,109.04
1386TPPNC-3,40.04
1386TPPNC-3CP,29.04
1390-04,169.00
1390-1,344.88
1390-102,409.00
1390-2,195.06
1390-3,79.06
1390-4,235.00
1390-40,519.00
1390-5,559.00
1390-50,619.88
1390-55,459.12
1390-6,178.00
1390-7,629.88
1390-76,284.88
1390-76B,224.12
1390-8,299.12
1390-9,429.00
1390A,119.00
1390K-1,394.88
1390K-2,235.06
1390K-3CK,89.06
1390K-3EK,89.06
1390LP-1,289.88
1390LP-2,130.06
1390LP-3,129.06
1390LPK-1,349.88
1390LPK-2,160.06
1390LPK-3CK,139.06
1390LPK-3EK,139.06
1390S,115.00
1393BK-24,47.00
1393BK-36,209.00
1393BK-48,99.88
1393BK-48B,73.12
1393BK-50,269.00
1393BK-78,193.00
1393BKS,45.00
1393W-24,47.00
1393W-36,209.00
1393W-48,99.88
1393W-48B,73.12
1393W-50,269.00
1393W-78,193.00
1393WS,45.00
1394-04,129.00
1394-05,165.00
1394-1,339.88
1394-108,349.00
1394-11,359.00
1394-2,195.06
1394-3,114.06
1394-30,165.00
1394-4,259.00
1394-40,459.00
1394-5,519.00
1394-50,619.88
1394-55,369.12
1394-6,113.00
1394-9,369.00
1394A,130.00
1394K-1CK,389.88
1394K-1EK,389.88
1394K-2CK,225.06
1394K-2EK,225.06
1394K-3CK,134.06
1394K-3EK,134.06
1394KN-1CK,389.88
1394KN-1EK,389.88
1394KN-2CK,225.06
1394KN-2EK,225.06
1394KN-3CK,134.06
1394KN-3EK,134.06
1394N-1,339.88
1394N-11,379.00
1394N-2,195.06
1394N-3,114.06
1394N-4,269.00
1394N-5,519.00
1394N-6,113.00
1394N-9,399.00
1394S,119.00
14020-12B,339.12
14020-12T,249.88
1402-1,154.88
1402-11,299.00
1402-2,104.06
1402-3,50.06
1402-4,154.00
1402-5,379.00
1402-6RT,73.00
1402-6SW,93.00
1402-9,289.00
1402K-1CK,209.88
1402K-1EK,209.88
1402K-2CK,139.06
1402K-2EK,139.06
1402K-3CK,60.06
1402K-3EK,60.06
1402KW-1CK,209.88
1402KW-1EK,209.88
1402KW-2CK,139.06
1402KW-2EK,139.06
1402KW-3CK,60.06
1402KW-3EK,60.06
1402LP-2,94.06
1402LPK-2CK,129.06
1402LPK-2EK,129.06
1402SL-1,174.88
1402SL-2,159.04
1402SL-3,94.04
1402SL-3RL,90.06
1402SL-DW,91.04
1402SLK-1CK,219.88
1402SLK-1EK,219.88
1402SLK-2CK,199.04
1402SLK-2EK,199.04
1402SLK-3CK,109.04
1402SLK-3CKRL,110.06
1402SLK-3EK,109.04
1402SLK-3EKRL,110.06
1402W-1,159.88
1402W-11,299.00
1402W-2,104.06
1402W-3,45.06
1402W-4,154.00
1402W-5,379.00
1402W-6SW,93.00
1402W-9,289.00
1422-1,94.88
1422-2,70.06
1422-3,40.06
1422-4,93.00
1422-5,245.00
1422-6,56.00
1422-9,209.00
1422K-1CK,134.88
1422K-1EK,134.88
1422K-2CK,104.06
1422K-2EK,104.06
1422K-3CK,50.06
1422K-3EK,50.06
1704-04,159.00
1704-05,199.00
1704-1,249.88
1704-108,449.00
1704-11,349.00
1704-2,109.06
1704-3,140.06
1704-30,199.00
1704-4,199.00
1704-5,529.00
1704-50,559.88
1704-55,539.12
1704-6,122.00
1704-60,449.00
1704-9,399.00
17049-1,499.00
17049-2,579.00
17049-3,599.00
1704A,140.00
1704K-1,309.88
1704K-2,149.06
1704K-3CK,140.06
1704S,125.00
1706-1,109.88
1706-2,40.06
1706-3,49.06
1706-4,99.00
1706-5,249.00
1706-6,52.00
1706-9,229.00
1706F-1,109.88
1706F-2,40.06
1706F-3,49.06
1706K-1,149.88
1706K-2,60.06
1706K-3CK,49.06
1707-1,110.88
1707-2,57.06
1707-3,40.06
1707-4,119.00
1707-5,249.00
1707-6,49.00
1707-9,229.00
1707K-1,160.88
1707K-2,78.06
1707K-3CK,50.06
1707K-3EK,50.06
1708-1,89.88
1708-2,40.06
1708-3,39.06
1708-4,99.00
1708-5,229.00
1708-6,53.00
1708-9,199.00
1708F-1,89.88
1708F-2,40.06
1708F-3,39.06
1708K-1,119.88
1708K-2,54.06
1708K-3CK,45.06
1708K-3EK,45.06
1708T-1,79.88
1708T-2,34.06
1708T-3,35.06
1711-1,89.88
1711-2,110.06
1711-3,49.06
1711-4,99.00
1711-5,239.00
1711-6,42.00
1711-9,220.00
1711F-1,89.88
1711F-2,110.06
1711F-3,49.06
1711K-1,119.88
1711K-2,150.06
1711K-3CK,49.06
1714BK-1,109.88
1714BK-2,115.06
1714BK-3,54.06
1714BK-4,119.00
1714BK-5,249.00
1714BK-6,52.00
1714BK-9,200.00
1714KBK-1,159.88
1714KBK-2,165.06
1714KBK-3CK,54.06
1714KW-1,159.88
1714KW-2,165.06
1714KW-3CK,54.06
1714W-1,109.88
1714W-2,115.06
1714W-3,54.06
1714W-4,119.00
1714W-5,249.00
1714W-6,52.00
1714W-9,200.00
1717-1,159.88
1717-11,279.00
1717-2,109.06
1717-3,50.06
1717-4,139.00
1717-5,399.00
1717-6,92.00
1717-9,350.00
1717K-1,209.88
1717K-2,159.06
1717K-3CK,50.06
1718GY-1,139.88
1718GY-2,95.06
1718GY-3,44.06
1718GY-4,119.00
1718GY-5,249.00
1718GY-6,52.00
1718GY-9,200.00
1718KGY-1,199.88
1718KGY-2,135.06
1718KGY-3CK,44.06
1719-1,79.88
1719-2,79.06
1719-3,40.06
1719-4,89.00
1719-5,189.00
1719-6,43.00
1719-9,179.00
1719K-1,109.88
1719K-2,119.06
1719K-3CK,40.06
1721-1,179.88
1721-2,119.06
1721-3,50.06
1721-4,129.00
1721-5,289.00
1721-6,63.00
1721-9,269.00
1721K-1,239.88
1721K-2,159.06
1721K-3CK,50.06
1722-1,109.88
1722-2,89.06
1722-3,50.06
1722-4,119.00
1722-5,259.00
1722-6,72.00
1722-9,249.00
1722K-1,159.88
1722K-2,119.06
1722K-3CK,50.06
1723-1,159.88
1723-2,109.06
1723-3,110.06
1723-4,159.00
1723-5,399.00
1723-6,83.00
1723-9,279.00
1723K-1CK,219.88
1723K-1EK,219.88
1723K-2CK,125.06
1723K-2EK,125.06
1723K-3CK,134.06
1723K-3EK,134.06
1728-1,149.88
1728-2,55.06
1728-3,34.06
1728-4,119.00
1728-5,339.00
1728-6,52.00
1728-9,199.00
1728K-1,189.88
1728K-2,95.06
1728K-3CK,34.06
1729-1,149.88
1729-2,110.06
1729-3,69.06
1729-4,159.00
1729-5,349.00
1729-6,92.00
1729-9,319.00
1729K-1,179.88
1729K-2,160.06
1729K-3CK,69.06
1730-1,69.88
1730-2,40.06
1730-3,39.06
1730-4,79.00
1730-5,199.00
1730-6,52.00
1730-9,189.00
1730K-1,109.88
1730K-2,59.06
1730K-3CK,40.06
1733-1,79.88
1733-2,45.06
1733-3,40.06
1733-4,89.00
1733-5,245.00
1733-6,56.00
1733-9,195.00
1733K-1,109.88
1733K-2,65.06
1733K-3CK,60.06
1733K-3EK,60.06
1737KNC-1CK,169.88
1737KNC-1EK,169.88
1737KNC-2CK,209.06
1737KNC-2EK,209.06
1737KNC-3CK,80.06
1737KNC-3EK,80.06
1737KNGY-1CK,169.88
1737KNGY-1EK,169.88
1737KNGY-2CK,209.06
1737KNGY-2EK,209.06
1737KNGY-3CK,80.06
1737KNGY-3EK,80.06
1737KW-1CK,169.88
1737KW-1EK,169.88
1737KW-2CK,209.06
1737KW-2EK,209.06
1737KW-3CK,80.06
1737KW-3EK,80.06
1737NC-1,129.88
1737NC-11,249.00
1737NC-2,159.06
1737NC-3,70.06
1737NC-4,136.00
1737NC-5,309.00
1737NC-6,76.00
1737NC-9,259.00
1737NGY-1,129.88
1737NGY-11,249.00
1737NGY-2,159.06
1737NGY-3,70.06
1737NGY-4,136.00
1737NGY-5,309.00
1737NGY-6,76.00
1737NGY-9,259.00
1737W-1,129.88
1737W-11,249.00
1737W-2,159.06
1737W-3,70.06
1737W-4,136.00
1737W-5,309.00
1737W-6,76.00
1737W-9,259.00
1740-1,109.88
1740-11,205.00
1740-2,45.06
1740-3,50.06
1740-4,119.00
1740-5,285.00
1740-6,67.00
1740-9,223.00
1740K-1,159.88
1740K-2,59.06
1740K-3CK,70.06
1740K-3EK,70.06
1740PL-1,109.88
1740PL-2,120.06
1740PL-3,45.06
1740PLK-1,149.88
1740PLK-2,159.06
1740PLK-3CK,50.06
1740PLK-3EK,50.06
1746-1,129.88
1746-2,75.06
1746-3,40.06
1746-4,109.00
1746-5,245.00
1746-6,46.00
1746-9,214.00
1746K-1,179.88
1746K-2,104.06
1746K-3CK,55.06
1746K-3EK,55.06
1749-50,324.88
17807,29.88
17808,37.12
17809,49.88
17810,41.12
17811,69.88
17812,60.12
17813,109.88
17814,64.12
178-2WAY,4.00
178-4WAY,4.00
1799-1,149.88
1799-2,109.06
1799-3,40.06
1799-4,149.00
1799-5,339.00
1799-6,83.00
1799-9,289.00
1799K-1,209.88
1799K-2,149.06
1799K-3CK,40.06
1800-1,245.88
1800-2,159.06
1800-4,145.00
1800K-2,189.06
1801N-1,259.88
1801N-2,84.06
1806-1,89.88
1806-2,30.06
1806-3,45.06
1806-4,93.00
1806-5,233.00
1806-6,54.00
1806-9,205.00
1806F-1,89.88
1806F-2,30.06
1806F-3,45.06
1806K-1,119.88
1806K-2,40.06
1806K-3CK,65.06
1806K-3EK,65.06
1807BK-1,86.88
1807BK-3,92.12
1807KBK-1CK,174.88
1807KBK-1EK,91.88
1808-04,39.00
1808-112,299.88
1808-112B,159.12
1808-40,449.00
1808-50,499.88
1808-55,399.12
1808A,100.00
1808KW-2,49.06
1808RF-50,499.80
1808S,85.00
1809-1,58.88
1809-2,44.06
1809-3,32.06
1809-4,65.00
1809-5,155.00
1809-6,24.00
1809F-1,58.88
1809F-2,44.06
1809F-3,32.06
1809K-1,68.88
1809K-2,50.06
1809K-3CK,46.06
1809K-3EK,46.06
1810-1,85.88
1810-2,74.06
1810-3,45.06
1810-4,81.00
1810-5,235.00
1810-6,44.00
1810-9,205.00
1810F-1,85.88
1810F-2,74.06
1810F-3,45.06
1810K-1CK,115.88
1810K-1EK,115.88
1810K-2CK,114.06
1810K-2EK,114.06
1810K-3CK,55.06
1810K-3EK,55.06
1810T-1,75.88
1810T-2,64.06
1810T-3,35.06
1811FW-1,95.88
1811FW-3,89.12
1811KW-1CK,135.88
1811KW-1EK,135.88
1811KW-3CK,119.12
1811KW-3EK,119.12
1811W-1,95.88
1811W-3,89.12
1811W-4,101.00
1811W-5,289.00
1811W-6,64.00
1811W-9,236.00
1814-1,182.88
1814K-3EK,37.06
1814SL-2,89.04
1814SLK-2,124.04
1814SLK-3EK,44.04
1814SL-P,75.04
1815-1,76.88
1815-2,55.06
1815-3,23.06
1815-5,155.00
1815-6,5.00
1815K-1EK,76.88
1815K-2EK,55.06
1815K-3CK,35.06
1815K-3EK,23.06
1821-1,214.88
1821-2,129.06
1821-3,55.06
1821-4,125.00
1821-5,299.00
1821-6,87.00
1821-9,259.00
1821K-1,279.88
1821K-2,164.06
1821K-3CK,55.06
1824-1,145.88
1824-1P,109.03
1824-2,115.03
1824-2P,79.03
1824-3,50.03
1824-4,179.00
1824-5,399.00
1824-6,122.00
1824-9,299.00
1824K-1,205.88
1824K-2,155.03
1824K-3CK,50.03
1828-04,39.00
18280-T,399.00
1828-1,264.88
1828-2,69.06
1828-3,75.06
1828-30,78.00
1828-4,185.00
1828-40,369.00
1828-5,479.00
1828-50,424.88
1828-55,144.12
1828-6,117.00
1828-6LN,117.00
1828-9,359.00
1828-92,335.00
18289-2,305.00
18289-3,425.00
1828A,125.00
1828K-1,334.88
1828K-2,89.06
1828K-3CK,85.06
1828K-3EK,85.06
1828S,115.00
1831KP-1,165.00
1831P-1,125.00
18320-T,249.00
1832-1,169.88
1832-2,210.06
1832-3,69.06
1832-4,129.00
1832-5,389.00
1832-6,83.00
1832-9,349.00
1832K-1CK,199.88
1832K-1EK,199.88
1832K-2CK,280.06
1832K-2EK,280.06
1832K-3CK,69.06
1834-1,189.88
1834-11,209.00
1834-2,120.06
1834-3,89.06
1834-4,119.00
1834-5,269.00
1834-6,63.00
1834-9,229.00
1834K-1,219.88
1834K-2,180.06
1834K-3CK,99.06
1834K-3EK,99.06
1837-1,185.88
1837-3,29.06
1837-6,32.00
1837K-3EK,24.06
1839-1,125.88
1839-11,250.00
1839-2,59.06
1839-3,44.06
1839-4,126.00
1839-5,329.00
1839-6,65.00
1839-9,250.00
1839K-1,165.88
1839K-2,79.06
1839K-3CK,54.06
1839K-3EK,54.06
1844DC-1,94.88
1844DC-2,154.06
1844DC-3,50.06
1844DC-4,99.00
1844DC-5,249.00
1844DC-6,73.00
1844DC-9,209.00
1844FDC-1,94.88
1844FDC-2,154.06
1844FDC-3,50.06
1844KDC-1,144.88
1844KDC-2,204.06
1844KDC-3CK,50.06
1845-1,139.88
1845-2,115.06
1845-3,44.06
1845-4,125.00
1845-5,340.00
1845-6,86.00
1845-9,275.00
1845K-1,179.88
1845K-2,145.06
1845K-3CK,54.06
1845K-3EK,54.06
1845KLED-1,269.88
1845LED-1,209.88
1845LED-6,116.00
1846-1,63.88
1846-2,52.06
1846-3,29.06
1846-5,155.00
1846K-2,55.06
1846K-3CK,31.06
1847-1,259.88
1847-11,349.00
1847-2,209.06
1847-3,80.06
1847-4,239.00
1847-5,579.00
1847-6N,123.00
1847-9,409.00
1847K-1,309.88
1847K-2,249.06
1847K-3CK,90.06
1847K-3EK,90.06
1849-1,50.88
1849-9,125.00
1849K-1,109.88
1849K-2,199.06
1849K-3CK,50.06
1852-1,79.88
1852-11,159.00
1852-2,59.06
1852-3,30.06
1852-4,95.00
1852-5,195.00
1852-6,40.00
1852-9,195.00
1852K-1,119.88
1852K-2,99.06
1852K-3CK,30.06
1855-1,95.88
1855-3,29.12
1855-4,60.00
1855-5,152.00
1855-6,33.00
1855-9,125.00
1855K-1CK,145.88
1855K-1EK,145.88
1855K-3CK,39.12
1855K-3EK,39.12
1856-1,80.88
1856-3,24.12
1856-4,50.00
1856-5,129.00
1856-6,25.00
1856-9,110.00
1856F-1,80.88
1856F-3,24.12
1856K-1CK,112.88
1856K-1EK,112.88
1856K-3CK,32.12
1856K-3EK,32.12
1856T-1,70.88
1856T-3,24.12
1857-1,149.88
1857-3,29.12
1857-4,89.00
1857-5,209.00
1857-6,53.00
1857-9,169.00
1857K-1,219.88
1857K-3CK,29.12
1862-2,70.06
1862-3,24.06
1862K-2,134.06
1866-1,169.88
1866-11,299.00
1866-2,155.06
1866-3,74.06
1866-4,175.00
1866-5,469.00
1866-6,127.00
1866-9,359.00
1866GY-1,179.88
1866GY-2,149.06
1866GY-3,70.06
1866GY-4,185.00
1866GY-5,488.00
1866GY-6,127.00
1866GY-9,370.00
1866K-1,219.88
1866K-2,195.06
1866K-3CK,84.06
1866K-3EK,84.06
1866KGY-1,229.88
1866KGY-2,199.06
1866KGY-3CK,70.06
1867-1,309.88
1867-102,379.12
1867-102B,179.88
1867-11,449.00
1867-2,129.06
1867-3,60.06
1867-4,269.00
1867-40,449.00
1867-5,579.00
1867-50,429.88
1867-55,219.12
1867-6,152.00
1867-9,499.00
1867A,130.00
1867K-1,379.88
1867K-2,159.06
1867K-3CK,60.06
1867S,120.00
1869-1,109.88
1869-12,189.00
1869-2,87.06
1869-3,32.06
1869-4,79.00
1869-5,179.00
1869-6,62.00
1869-9,175.00
1869K-1,159.88
1869K-2,115.06
1869K-3CK,44.06
1869K-3EK,40.06
1870-1,63.88
1870-2,50.06
1870-3,21.06
1870-4,79.00
1870-5,179.00
1870-6,16.00
1870K-1,80.88
1870K-2,71.06
1870K-3CK,23.06
1870K-3EK,23.06
1877-1,80.88
1877-3,43.06
1877-5,149.00
1877-6,9.00
1877-9,165.00
1877K-2,144.06
1877K-3CK,65.06
1877K-3EK,42.06
1880BRW-1,99.00
1880BUE-1,99.00
1880KBRW-1CK,149.00
1880KBRW-1EK,149.00
1880KBUE-1CK,149.00
1880KBUE-1EK,149.00
1880KGRY-1CK,95.00
1880KRED-1CK,95.00
1880KRED-1EK,95.00
1880RED-1,75.00
1881FPU-1,41.88
1881FPU-3,47.12
1881KPU-1CK,61.88
1881KPU-1EK,61.88
1881KPU-3CK,67.12
1881KPU-3EK,67.12
1881PU-1,41.88
1881PU-3,47.12
1881PU-DRL,10.00
1882FN-1,89.88
1882FN-2,20.06
1882FN-3,59.06
1882KN-1CK,119.88
1882KN-1EK,119.88
1882KN-2CK,30.06
1882KN-2EK,30.06
1882KN-3CK,69.06
1882KN-3EK,69.06
1882N-1,89.88
1882N-2,20.06
1882N-3,59.06
1882N-DRL,10.00
1883FN-1,109.88
1883FN-2,20.06
1883FN-3,69.06
1883KN-1CK,139.88
1883KN-1EK,139.88
1883KN-2CK,30.06
1883KN-2EK,30.06
1883KN-3CK,79.06
1883KN-3EK,79.06
1883N-1,109.88
1883N-2,20.06
1883N-3,69.06
1883N-DRL,10.00
1884FN-1,109.88
1884FN-2,20.06
1884FN-3,59.06
1884KN-1CK,145.88
1884KN-1EK,145.88
1884KN-2CK,24.06
1884KN-2EK,24.06
1884KN-3CK,69.06
1884KN-3EK,69.06
1884N-1,109.88
1884N-2,20.06
1884N-3,59.06
1884N-DRL,10.00
1885FN-1,79.88
1885FN-2,19.06
1885FN-3,50.06
1885KN-1CK,109.88
1885KN-1EK,109.88
1885KN-2CK,24.06
1885KN-2EK,24.06
1885KN-3CK,65.06
1885KN-3EK,65.06
1885N-1,79.88
1885N-2,19.06
1885N-3,50.06
1885N-DRL,10.00
1888FN-1,79.88
1888FN-2,19.06
1888FN-3,50.06
1888KN-1CK,109.88
1888KN-1EK,109.88
1888KN-2CK,24.06
1888KN-2EK,24.06
1888KN-3CK,65.06
1888KN-3EK,65.06
1888N-1,79.88
1888N-2,19.06
1888N-3,50.06
1888N-DRL,10.00
1889KN-3CK,149.12
1889N-1,74.88
1889N-3,90.12
1890FN-1,39.88
1890FN-2,11.06
1890FN-3,28.06
1890KN-1CK,69.88
1890KN-1EK,69.88
1890KN-2CK,21.06
1890KN-2EK,21.06
1890KN-3CK,38.06
1890KN-3EK,38.06
1890N-1,39.88
1890N-2,11.06
1890N-3,28.06
1890N-DRL,10.00
1891FN-1,79.88
1891FN-2,20.06
1891FN-3,55.06
1891KN-1CK,109.88
1891KN-1EK,109.88
1891KN-2CK,25.06
1891KN-2EK,25.06
1891KN-3CK,70.06
1891KN-3EK,70.06
1891N-1,79.88
1891N-2,20.06
1891N-3,55.06
1891N-DRL,10.00
1893FN-1,69.88
1893FN-3,35.12
1893KN-1CK,79.88
1893KN-1EK,79.88
1893KN-3CK,35.12
1893KN-3EK,35.12
1893N-1,69.88
1893N-3,35.12
1894FN-1,189.88
1894FN-2,20.06
1894FN-3,69.06
1894KN-1CK,239.88
1894KN-1EK,239.88
1894KN-2CK,25.06
1894KN-2EK,25.06
1894KN-3CK,84.06
1894KN-3EK,84.06
1894N-1,189.88
1894N-2,20.06
1894N-3,69.06
1894N-DRL,10.00
1896FN-1,75.88
1896FN-3,39.12
1896KN-1CK,105.88
1896KN-1EK,105.88
1896KN-3CK,59.12
1896KN-3EK,59.12
1896N-1,75.88
1896N-3,39.12
1897KN-1CK,72.88
1897KN-3CK,36.12
1897N-3,36.12
1901-1,189.88
1901-11,249.00
1901-14,39.00
1901-15L,119.06
1901-15M,155.06
1901-15R,124.88
1901-2,69.06
1901-3,40.06
1901-4,119.00
1901-5,299.00
1901-6,82.00
1901-9,249.00
1901K-1,239.88
1901K-2,99.06
1901K-3CK,50.06
1901K-3EK,50.06
1904-1,95.88
1904-3,23.12
1904-4,69.00
1904-5,151.00
1904-6,36.00
1904-9,124.00
1904F-1,95.88
1904F-3,23.12
1904K-1,155.88
1904K-3CK,23.12
1904T-1,75.88
1905-1,74.88
1905-14,25.00
1905-15L,84.88
1905-15M,115.06
1905-15R,79.06
1905-2,34.06
1905-3,30.06
1905-4,75.00
1905-5,195.00
1905-6,40.00
1905-9,149.00
1905K-1,99.88
1905K-2,59.06
1905K-3CK,40.06
1905K-3EK,40.06
1907-1,114.88
1907-2,84.06
1907-3,50.06
1907-4,109.00
1907-5,329.00
1907-6,63.00
1907-9,299.00
1907K-1,164.88
1907K-2,124.06
1907K-3CK,60.06
1907K-3EK,60.06
1907KW-1,164.88
1907KW-2,124.06
1907KW-3CK,60.06
1907KW-3EK,60.06
1907W-1,114.88
1907W-2,84.06
1907W-3,50.06
1907W-4,109.00
1907W-5,329.00
1907W-6,63.00
1907W-9,299.00
1908-1,94.88
1908-11,140.00
1908-3,34.12
1908-4,69.00
1908-5,179.00
1908-6,33.00
1908-9,140.00
1908K-1,154.88
1908K-3CK,34.12
1909RF-1,86.88
1909RF-2,74.06
1909RF-3,31.06
1909RF-4,89.00
1909RF-5,269.00
1909RF-6,49.00
1909RF-9,239.00
1909RFK-1,115.88
1909RFK-2,102.06
1909RFK-3CK,31.06
1911-1,119.88
1911-2,58.06
1911-3,51.06
1911-4,109.00
1911-5,269.00
1911-6,72.00
1911-9,259.00
1911K-1,169.88
1911K-2,87.06
1911K-3CK,62.06
1911K-3EK,62.06
1912-1,179.88
1912-2,164.06
1912-3,35.06
1912-4,152.00
1912-5,369.00
1912-6,99.00
1912-9,299.00
1912K-1,239.88
1912K-2,191.06
1912K-3CK,48.06
1912K-3EK,48.06
1915-1,110.88
1915-10,169.00
1915-3,48.06
1915-3SL,20.06
1915-4,47.00
1915-40,239.00
1915-5,239.00
1915-6,34.00
1915-60,89.00
1915-9,219.00
1915F-1,110.88
1915F-3,48.06
1915F-3SL,20.06
1915K-1CK,170.88
1915K-1EK,170.88
1915K-3CK,48.06
1915K-3CKSL,30.06
1915K-3EKSL,30.06
1915S,44.00
1916-1,189.88
1916-14,34.00
1916-15L,110.06
1916-15M,145.06
1916-15R,109.88
1916-2,79.06
1916-3,30.06
1916-4,139.00
1916-5,299.00
1916-6,113.00
1916-9,249.00
1916BK-1,189.88
1916BK-14,34.00
1916BK-15L,110.06
1916BK-15M,145.06
1916BK-15R,109.88
1916BK-2,79.06
1916BK-3,30.06
1916BK-4,139.00
1916BK-5,299.00
1916BK-6,113.00
1916BK-9,249.00
1916BK-FBH,75.00
1916F-1,189.88
1916F-2,79.06
1916F-3,30.06
1916-FBH,75.00
1916FBK-1,189.88
1916FBK-2,79.06
1916FBK-3,30.06
1916K-1,249.88
1916K-2,99.06
1916K-3CK,40.06
1916K-3EK,40.06
1916KBK-1,249.88
1916KBK-2,99.06
1916KBK-3CK,40.06
1916KBK-3EK,40.06
1917-2,124.06
1917K-1,259.88
1917K-3EK,54.06
1918-04,99.00
1918-05,139.00
1918-1,239.88
1918-11,309.00
1918-2,85.06
1918-3,74.06
1918-30,139.00
1918-4,169.00
1918-5,399.00
1918-6,103.00
1918-9,329.00
1918K-1,289.88
1918K-2,105.06
1918K-3CK,74.06
1919-1,289.88
1919-2,179.06
1919-3,130.06
1919-4,259.00
1919-5,599.00
1919-6,142.00
1919-9,449.00
1919K-1,349.88
1919K-2,219.06
1919K-3CK,130.06
1919KNC-1,349.88
1919KNC-2,225.06
1919KNC-3CK,124.06
1919NC-1,279.88
1919NC-14,59.00
1919NC-15L,165.06
1919NC-15M,154.06
1919NC-15R,179.88
1919NC-2,195.06
1919NC-3,124.06
1919NC-4,259.00
1919NC-5,599.00
1919NC-6,142.00
1919NC-9,449.00
1924-1,144.88
1924-3,34.12
1924-4,99.00
1924-5,259.00
1924-6,43.00
1924-9,219.00
1924K-1,204.88
1924K-3CK,44.12
1924K-3EK,44.12
1927-1,133.88
1927-2,69.06
1927-3,56.06
1927-4,109.00
1927-5,279.00
1927-6,52.00
1927-9,259.00
1927K-1,205.88
1927K-2,97.06
1927K-3CK,56.06
1928-1,89.88
1928-2,65.06
1928-3,44.06
1928-4,99.00
1928-40,299.00
1928-5,239.00
1928-6,62.00
1928-78,179.00
1928-9,199.00
1928F-1,89.88
1928F-2,65.06
1928F-3,44.06
1928K-1,149.88
1928K-2,105.06
1928K-3CK,44.06
1928S,55.00
1933-1,179.88
1933-2,200.06
1933-3,69.06
1933-4,129.00
1933-5,349.00
1933-6,72.00
1933-9,299.00
1933K-1,229.88
1933K-2,250.06
1933K-3CK,69.06
1935-04,175.00
1935-05,199.00
1935-110,349.88
1935-110B,249.12
1935-30,199.00
1935-4,259.00
1935-5,579.00
1935-50,589.88
1935-55,609.12
1935-6,132.00
1935-76,349.88
1935-76B,149.12
1935-9,479.00
19359-1,599.00
19359-2,699.00
19359-3,719.00
1935A,135.00
1935PN-1,279.88
1935PN-2,105.06
1935PN-3,114.06
1935PNK-1,349.88
1935PNK-2,135.06
1935PNK-3CK,114.06
1935S,125.00
1936-1,95.12
1936-3,23.88
1936-4,59.00
1936-5,149.00
1936-6,32.00
1936-9,119.00
1936F-1,95.12
1936K-1,155.12
1936K-3CK,23.88
1936T-1,85.12
1936T-3,23.88
1937-1,119.88
1937-2,70.06
1937-3,39.06
1937-4,119.00
1937-5,309.00
1937-6,92.00
1937-9,230.00
1937K-1,169.88
1937K-2,110.06
1937K-3CK,49.06
1937K-3EK,49.06
1941BK-1,74.88
1941BK-2,44.06
1941BK-3,26.06
1941BK-4,65.00
1941KBK-1,90.88
1941KBK-2,48.06
1941KBK-3CK,26.06
1941KBK-3EK,26.06
1944-1,169.88
1944-2,50.06
1944-3,59.06
1944-4,139.00
1944-5,319.00
1944-6,62.00
1944-9,260.00
1944K-1,229.88
1944K-2,80.06
1944K-3CK,69.06
1944K-3EK,69.06
1945-1,279.88
1945-2,189.06
1945-3,80.06
1945-4,169.00
1945-5,379.00
1945-6,102.00
1945-9,349.00
1945K-1,329.88
1945K-2,239.06
1945K-3CK,80.06
1946-1,139.88
1946-3,50.04
1946-3C,60.04
1946-4,179.00
1946-5,379.00
1946-6,92.00
1946-9,339.00
1946K-1,219.88
1946K-3CK,60.04
1946K-3CKC,70.04
1946K-3EK,60.04
1946K-3EKC,70.04
1946-P,199.04
1947-1,151.88
1947-2,120.06
1947-3,60.06
1947-4,99.00
1947-40,269.00
1947-5,249.00
1947-50,309.88
1947-55,129.12
1947-6,69.00
1947-9,229.00
1947-96,251.00
1947A,73.00
1947K-1,209.88
1947K-2,164.06
1947K-3CK,65.06
1947K-3EK,65.06
1947S,62.00
1949-1,99.88
1949-2,85.06
1949-3,34.06
1949-4,89.00
1949-5,209.00
1949-6,62.00
1949-9,170.00
1949K-1,139.88
1949K-2,120.06
1949K-3CK,39.06
1949K-3EK,39.06
1952-1,144.88
1952-3,34.12
1952-4,99.00
1952-5,229.00
1952-6,43.00
1952-9,199.00
1952K-1,204.88
1952K-3CK,44.12
1952K-3EK,44.12
1955-1,83.88
1955-3,25.12
1955-4,59.00
1955-5,169.00
1955-6,32.00
1955-9,130.00
1955F-1,83.88
1955K-1,123.88
1955K-3CK,25.12
1955T-1,73.88
1955T-3,25.12
1957-1,108.88
1957-3,70.06
1957-4,95.00
1957-5,219.00
1957-6,46.00
1957-9,189.00
1957-DW,40.06
1957K-1,155.88
1957K-3CK,93.06
1957K-3EK,93.06
1958-1,143.88
1958-14,43.00
1958-15C,54.88
1958-15L,102.04
1958-15M,120.04
1958-15R,102.04
1958-2,69.06
1958-3,36.06
1958-4,119.00
1958-40,349.00
1958-5,219.00
1958-50,399.88
1958-55,299.12
1958-6,62.00
1958-9,219.00
1958-96,299.00
1958A,85.00
1958K-1,209.88
1958K-2,103.06
1958K-3CK,36.06
1958S,75.00
1961-1,94.88
1961-3,24.12
1961-4,48.00
1961-5,139.00
1961-6,23.00
1961-9,107.00
1961K-1,154.88
1961K-3CK,24.12
1966-1,309.88
1966-2,105.06
1966-3,84.06
1966-4,149.00
1966-5,379.00
1966-6,72.00
1966-9,350.00
1966K-1,389.88
1966K-2,125.06
1966K-3CK,84.06
1967KW-1,185.88
1967KW-3CK,33.12
1967W-1,115.88
1967W-3,33.12
1967W-4,59.00
1967W-5,169.00
1967W-6,72.00
1967W-9,130.00
1968-1,109.88
1968-3,29.12
1968-4,69.00
1968-5,159.00
1968-6,32.00
1968-9,139.00
1968F-1,109.88
1968F-3,29.12
1968K-1,149.88
1968K-3CK,39.12
1968K-3EK,39.12
1977-1,164.88
1977-3,34.12
1977-4,109.00
1977-5,239.00
1977-6,52.00
1977-7,369.00
1977-9,199.00
1977F-1,164.88
1977K-1,244.88
1977K-3CK,34.12
1977T-1,144.88
1977T-3,34.12
1978KW-1,349.88
1978KW-2,95.06
1978KW-3CK,54.06
1978KW-3EK,54.06
1978W-1,269.88
1978W-2,85.06
1978W-3,44.06
1978W-4,199.00
1978W-5,389.00
1978W-6,112.00
1978W-9,349.00
1990-1,149.88
1990-2,69.06
1990-3,30.06
1990-4,109.00
1990-5,259.00
1990-6,72.00
1990-9,209.00
1990K-1,199.88
1990K-2,99.06
1990K-3CK,30.06
1990RF-1N,149.88
1990RF-2N,69.06
1990RF-3N,30.06
1990RF-4,109.00
1990RF-5,259.00
1990RF-6,72.00
1990RF-9,209.00
1990RFK-1N,199.88
1990RFK-2N,99.06
1990RFK-3CKN,30.06
2014FBK-1,42.00
2014FBK-1-3A,85.00
2014FSV-1-3A,85.00
2014TSV-1-3A,39.00
2015FBK-1,44.00
2015FBK-1-3A,85.00
2015TBK-1-3A,39.00
2018-4,29.00
2018-6,57.00
2019FW-1,60.88
2019FW-2,40.06
2019FW-3,24.06
2019TW-1,55.88
2019TW-2,34.06
2019TW-3,25.06
2019W-4,42.00
2020FBK-1,70.00
2020FBK-1-3A,85.00
2020TBK-1,50.00
2020TBK-1-3A,75.00
2021FW-1,70.00
2021FW-1-3A,85.00
2021TW-1,50.00
2021TW-1-3A,75.00
2024-1HB,56.00
2024T-1HB,50.00
2025-1HB,56.00
2025T-1HB,50.00
2026PU-1HB,56.00
2026TPU-1HB,50.00
2039C-4,89.00
2039C-5,189.00
2039C-6,72.00
2039C-9,179.00
2039FC-1,79.88
2039FC-2,60.06
2039FC-3,39.06
2039FW-1,79.88
2039FW-2,60.06
2039FW-3,39.06
2039TC-1,59.88
2039TC-2,50.06
2039TC-3,39.06
2039TW-1,59.88
2039TW-2,50.06
2039TW-3,39.06
2039W-4,89.00
2039W-5,189.00
2039W-6,72.00
2039W-9,179.00
2042-1,104.88
2042-3,24.12
2042-4,55.00
2042-5,145.00
2042-6,31.00
2042-9,129.00
2042F-1,84.88
2042T-1,64.88
2042T-3,24.12
2046-1,74.88
2046-15,149.00
2046-2,49.06
2046-3,35.06
2046-4,69.00
2046-5,179.00
2046-6,52.00
2046-9,179.00
2046F-1,74.88
2046F-2,49.06
2046K-1,104.88
2046K-2,69.06
2046K-3CK,35.06
2046T-1,64.88
2046T-2,39.06
2046T-3,35.06
2047FBK-1,69.00
2047TBK-1,49.00
2048FW-1,69.00
2048TW-1,49.00
2049F-1,89.00
2049T-1,69.00
2050F-1,89.00
2050T-1,69.00
2051FBK-1,69.00
2051TBK-1,49.00
2052FW-1,69.00
2052TW-1,49.00
2100-1,59.88
2100-3,38.12
2100F-1,59.88
2100F-3,38.12
2100K-1CK,99.88
2100K-1EK,99.88
2100K-3CK,49.12
2100K-3EK,49.12
2111-04,119.00
2111-1,115.00
2111-11,310.00
2111-15,155.00
2111-30,169.00
2111-4,135.00
2111-40,289.00
2111-48,235.00
2111-5,309.00
2111-6,66.00
2111-72,335.00
2111-9,310.00
2111K-1,169.00
2111S,66.00
2112-1,96.88
2112-3,18.12
2112-4,65.00
2112-5,155.00
2112F-1,96.88
2112F-3,18.12
2112FPU-1,154.88
2112FPU-3,34.12
2112K-1,122.88
2112K-3CK,22.12
2112K-3EK,22.12
2112KPU-1CK,219.88
2112KPU-1EK,219.88
2112KPU-3CK,45.12
2112KPU-3EK,45.12
2112PU-3,34.12
2119BK-1,148.88
2119BK-11,225.00
2119BK-15,185.00
2119BK-3,30.12
2119BK-4,99.00
2119BK-5,245.00
2119BK-6,47.00
2119BK-9,225.00
2119FBK-1,148.88
2119FBK-3,30.12
2119FW-1,148.88
2119FW-3,30.12
2119KBK-1CK,204.88
2119KBK-1EK,204.88
2119KBK-3CK,40.12
2119KBK-3EK,40.12
2119KW-1CK,204.88
2119KW-1EK,204.88
2119KW-3CK,40.12
2119KW-3EK,40.12
2119TBK-1,133.88
2119TBK-3,25.12
2119TW-1,133.88
2119TW-3,25.12
2119W-1,148.88
2119W-11,225.00
2119W-15,185.00
2119W-3,30.12
2119W-4,99.00
2119W-5,245.00
2119W-6,47.00
2119W-9,225.00
2124-1,154.88
2124-2,99.06
2124-3,45.06
2124-4,112.00
2124-5,269.00
2124-6,85.00
2124-9,225.00
2124K-1,199.88
2124K-2,129.06
2124K-3CK,60.06
2124K-3EK,60.06
2135-04,99.00
2135-05,109.00
2135-1,239.88
2135-11,315.00
2135-3,129.12
2135-30,109.00
2135-4,139.00
2135-5,375.00
2135-6,77.00
2135-9,315.00
2135K-1CK,309.88
2135K-1EK,309.88
2135K-3CK,159.12
2135K-3EK,159.12
2136FC-2,22.06
2145-1,54.88
2145-2,19.06
2145-3,25.06
2145-4,49.00
2145-5,119.00
2145-6,32.00
2145-9,100.00
2145F-1,54.88
2145F-2,19.06
2145F-3,25.06
2145K-1,79.88
2145K-2,29.06
2145K-3CK,40.06
2145K-3EK,40.06
2145T-1,44.88
2145T-2,14.06
2145T-3,20.06
2146-1,74.88
2146-3,24.12
2146-4,62.00
2146-5,170.00
2146-6,38.00
2146-9,129.00
2146K-1,124.88
2146K-3CK,34.12
2146K-3EK,34.12
2147-1,89.88
2147-12,119.00
2147-3,19.12
2147-4,49.00
2147-5,115.00
2147-6,26.00
2147-9,100.00
2147BK-1,99.88
2147BK-12,119.00
2147BK-3,29.12
2147BK-4,59.00
2147BK-5,139.00
2147BK-6,33.00
2147BK-9,125.00
2147F-1,89.88
2147F-3,19.12
2147FBK-1,99.88
2147FBK-3,29.12
2147FSG-1,99.88
2147FSG-3,29.12
2147FW-1,99.88
2147FW-3,29.12
2147K-1,135.88
2147K-3CK,29.12
2147K-3EK,29.12
2147KBK-1,145.88
2147KBK-3CK,39.12
2147KBK-3EK,39.12
2147KSG-1,145.88
2147KSG-3CK,39.12
2147KSG-3EK,39.12
2147KW-1,145.88
2147KW-3CK,39.12
2147KW-3EK,39.12
2147SG-1,99.88
2147SG-12,119.00
2147SG-3,29.12
2147SG-4,59.00
2147SG-5,139.00
2147SG-6,33.00
2147SG-9,125.00
2147T-1,79.88
2147T-3,19.12
2147TBK-1,89.88
2147TBK-3,29.12
2147TSG-1,89.88
2147TSG-3,29.12
2147TW-1,89.88
2147TW-3,29.12
2147W-1,99.88
2147W-12,119.00
2147W-3,29.12
2147W-4,59.00
2147W-5,139.00
2147W-6,33.00
2147W-9,125.00
2157-1,134.88
2157-2,129.06
21590-B,55.00
21590-L,210.00
21590-R,210.00
21590-T62,260.00
2159-1,149.88
2159-11,289.00
2159-2NF,184.06
2159-3,65.06
2159-4,145.00
2159-40,409.00
2159-5,310.00
2159-6,76.00
2159-88,297.00
2159-9,289.00
2159F-1,149.88
2159F-2NF,184.06
2159K-1,199.88
2159K-2NF,224.06
2159K-3CK,75.06
2159K-3EK,75.06
2159S,67.00
2159T-3,65.06
2168-1,289.88
2168-108,369.88
2168-108B,199.12
2168-11,360.00
2168-2,239.06
2168-3,90.06
2168-4,230.00
2168-40,519.00
2168-40M,155.00
2168-5,549.00
2168-50,689.88
2168-55,559.12
2168-6,137.00
2168-9,434.00
2168A,180.00
2168K-1,339.88
2168K-2,279.06
2168K-3CK,100.06
2168K-3EK,100.06
2168KWW-1,339.88
2168KWW-2,279.06
2168KWW-3CK,100.06
2168KWW-3EK,100.06
2168WW-1,289.88
2168WW-11,370.00
2168WW-118,399.88
2168WW-118B,199.12
2168WW-2,239.06
2168WW-3,90.06
2168WW-4,240.00
2168WW-40,549.00
2168WW-40M,165.00
2168WW-5,579.00
2168WW-50,689.88
2168WW-55,559.12
2168WW-6,137.00
2168WW-9,444.00
2168WWA,190.00
2169-11,359.00
2169-4,255.00
2169-5,519.00
2169-6,117.00
2169-9,369.00
2169SL-1,369.88
2169SL-2,179.06
2169SL-3,100.06
2169SLK-1CK,439.88
2169SLK-1EK,439.88
2169SLK-2CK,199.06
2169SLK-2EK,199.06
2169SLK-3CK,110.06
2169SLK-3EK,110.06
2214K-1,204.88
2217-1,97.88
2217-3,47.12
2217-4,45.00
2219-1,72.88
2219-2,50.06
2220-1,50.88
2220-3,34.12
2220-4,39.00
2220-5,103.00
2220-6,22.00
2220-9,89.00
2220DBR-1,50.88
2220DBR-3,34.12
2220DBR-4,39.00
2220DBR-5,103.00
2220DBR-6,22.00
2220DBR-9,89.00
2220F-1,50.88
2220F-3,34.12
2220FDBR-1,50.88
2220FDBR-3,34.12
2220K-1CK,79.88
2220K-1EK,79.88
2220K-3CK,45.12
2220K-3EK,45.12
2220KDBR-1CK,79.88
2220KDBR-1EK,79.88
2220KDBR-3CK,45.12
2220KDBR-3EK,45.12
2220T-1,44.88
2220T-3,30.12
2220TDBR-1,44.88
2220TDBR-3,30.12
2222-6,39.00
2222PL-1,69.88
2222PL-2,87.06
2222PLK-1,74.88
2222PLK-3CK,29.06
2223-1,130.88
2223-3,28.12
2223-4,47.00
2223-5,175.00
2223-6,12.00
2223K-1CK,127.88
2223K-3CK,27.12
2223KW-1CK,83.88
2223KW-3CK,15.12
2238-1,73.88
2238-2,35.06
2238-3,36.06
2238K-1CK,73.88
2238K-1EK,73.88
2238K-2CK,35.06
2238K-2EK,35.06
2238K-3CK,36.06
2238K-3EK,36.06
2243-1,159.88
2243-11,329.00
2243-114,303.88
2243-114B,129.12
2243-2,75.06
2243-3,50.06
2243-4,175.00
2243-5,415.00
2243-50,509.88
2243-55,419.12
2243-6,115.00
2243-76,299.88
2243-76B,133.12
2243-9,329.00
2243A,105.00
2243K-1,219.88
2243K-2,105.06
2243K-3CK,60.06
2243K-3EK,60.06
2243-P,180.00
2243S,99.00
2243SL-1,254.88
2243SL-2,130.06
2243SL-3,80.06
2243SLK-1,304.88
2243SLK-2,170.06
2243SLK-3CK,90.06
2243SLK-3EK,90.06
2259GY-1,169.88
2259GY-2,175.06
2259GY-3,54.06
2259GY-4,139.00
2259GY-5,299.00
2259GY-6,62.00
2259GY-9,250.00
2259KGY-1,209.88
2259KGY-2,235.06
2259KGY-3CK,54.06
2262BK-1,90.88
2262BK-2,164.06
2262BK-3,54.06
2262BK-4,106.00
2262BK-5,309.00
2262BK-6,55.00
2262BK-9,256.00
2262KBK-1,130.88
2262KBK-2,204.06
2262KBK-3CK,64.06
2262KBK-3EK,64.06
2262KW-1,130.88
2262KW-2,204.06
2262KW-3CK,64.06
2262W-2,164.06
2262W-3,54.06
2274-1,144.88
2274-2,112.06
2274-3,32.06
2274-5,289.00
2274-9,185.00
2274K-3EK,44.06
2277-1,159.88
2277-3,39.12
2277K-1,229.88
2278F-1,22.88
2278F-3,18.06
2295-1,82.88
2295-3,12.12
2297-2,92.06
2297K-3CK,39.06
2298-1,109.88
2298-2,99.06
2298-3,50.06
2298-4,143.00
2298-5,339.00
2298-6,84.00
2298K-1,149.88
2298K-2,129.06
2298K-3EK,60.06
2298SL-1,119.88
2298SL-2,165.04
2298SL-3L,107.04
2298SL-3R,107.04
2298SLK-1,169.88
2298SLK-2CK,215.04
2298SLK-2EK,215.04
2299-4,116.00
2299-5,289.00
2299-6,55.00
2299-9,240.00
2299KW-1,149.88
2299KW-2,80.06
2299KW-3CK,39.06
2299KW-3EK,39.06
2299W-1,109.88
2299W-2,55.06
2299W-3,34.06
2423-24,36.00
2423-36,141.00
2425-36,209.00
2434-48,41.00
2434S,27.00
2438-13,82.00
2438-40,289.00
2438-82,239.00
2438S,40.00
2447,59.88
2447T,63.12
2447WS,33.00
2456-13,46.00
2456-24,38.00
2456-36,213.00
2456-40,159.00
2456-64,147.00
2456S,28.00
2458,209.00
2458-36,209.00
2459,289.00
2466-48,113.88
2466-48B,103.12
2466S,62.00
2469,195.00
2477-13,52.00
2477-78,165.00
2477S,36.00
2479-24BRS,79.00
2479-24CRS,79.00
2479-24GRS,79.00
2479-24RDS,79.00
2479-29BRS,79.00
2479-29CRS,79.00
2479-29GRS,79.00
2479-29RDS,79.00
2479-42,100.88
2479-42B,52.12
2489-24,48.00
2489-36XL,161.88
2489-36XLB,125.12
2489-40,355.00
2499DCS,31.00
2505BK-36,169.00
251-01,329.00
251-04,259.00
251-05,329.00
2513,289.00
2514BK-36,239.00
2515-13,92.00
2515-50,399.00
2515-96,271.00
2515S,42.00
2516-48,113.88
2516-48B,103.12
2516A,88.00
2524-24,40.00
2524-36,147.88
2524-36B,31.12
2526-96,173.88
2526-96B,133.12
2526S,78.00
2528-13,59.00
2528-64,83.88
2528-64G,21.06
2528-64L,60.06
2528S,42.00
2529-13,59.00
2529-64,195.00
2529S,42.00
2538-13,52.00
2538-60,102.00
2538S,34.00
2544-13,48.00
2544-64,93.00
2544S,29.00
2545-13,59.00
2545-68,165.00
2545S,42.00
2546-40,229.00
2546-40M,130.00
2546-50,279.88
2546-55,199.12
2546-96,183.00
2546A,50.00
2546S,49.00
2547-72,135.00
2547S,40.00
2549-13,88.00
2549-78,179.88
2549-78B,31.06
2549-78C,87.06
2549S,68.00
2555-84,115.00
2555S,50.00
2558,209.00
2568-48,155.00
2568BRS,46.00
2588-40,299.00
2588-92,179.88
2588-92B,119.12
2588S,50.00
2601-15,69.00
2601-24,20.00
2601-31,82.00
2601-36,59.00
2601-48,39.00
2601S,15.00
2606-36,112.00
2611-24,42.00
2611-36,156.88
2611-36B,90.12
2615DC-04,63.88
2615DC-04B,25.12
2615DC-04RT,63.88
2615DC-05RT,59.88
2615DC-05RTB,49.12
2615DC-1,189.88
2615DC-11,289.00
2615DC-2,159.06
2615DC-24,70.00
2615DC-3,100.06
2615DC-30,76.88
2615DC-30B,22.12
2615DC-30RT,76.88
2615DC-36,119.88
2615DC-36B,99.12
2615DC-4,149.00
2615DC-40,349.00
2615DC-5,345.00
2615DC-50,359.88
2615DC-55,309.12
2615DC-6,56.00
2615DC-72,204.88
2615DC-72B,54.12
2615DC-9,289.00
2615DC-96,209.88
2615DC-96B,89.12
2615DCA,70.00
2615DCS,65.00
2615KDC-1,239.88
2615KDC-2,209.06
2615KDC-3CK,100.06
2615RFA-NN,70.00
2615RFS-NN,65.00
2617N-24,47.00
2617N-36,267.00
2622B,26.12
2863-1,135.88
2863-3,39.12
2863F-3,69.12
2863K-1CK,147.88
2863K-3CK,47.12
2863K-3EK,79.12
2865-1,78.88
2865-3,16.12
2865F-1,109.88
2865F-3,25.12
2865K-1CK,149.88
2865K-3CK,29.12
2867-1,179.00
2867F-1,179.00
2867K-1CK,219.00
2867K-1EK,219.00
2952-04N,59.00
2952-05,79.00
2952-30,79.00
3205-04,79.00
3205-30,54.88
3205-30G,44.12
3216B-05,72.00
3216B-31,159.00
3217PU,115.88
3217PUS,129.12
3219-04,82.00
3219-05,150.00
32190-T,155.00
3219PU-01,229.00
3219PU-01SH,199.00
3219PU-30,195.00
3224N-04,69.00
3224N-05,149.00
3224N-16,155.00
3224N-17,199.00
3224N-30,99.00
3226-04,72.00
3226-05,105.00
3226-30,105.00
3228-04,95.00
3228-05,155.00
3228-12,135.00
3228-15,209.00
3228-30,179.00
3256RF-02,49.00
3256RF-04,69.00
3256RF-30,149.00
3257RF-02,65.00
3257RF-04,79.00
3257RF-30,139.00
3270-24S1BK,49.00
3270-24S1W,49.00
3270-36,139.00
3270-48,109.00
3270-60,139.00
3270-S1BK,45.00
3270-S1W,45.00
3273-36,139.00
3273-48,109.00
3273S,39.00
3276-04,99.00
3276-05,129.00
3276-24CR,44.00
3276-30,129.00
3276B-24,44.00
3276BS,39.00
3276N-60,113.00
3276R-24,44.00
3276RS,39.00
3276S-CR,39.00
3276Y-24,44.00
3276YS,39.00
3292-01,195.00
3292-04,51.00
3292-05,119.00
3292-36,199.00
3299-01,189.00
3299-04,125.00
3299-05,165.00
3400-04,68.88
3400-04G,20.12
3400-05,95.88
3400-05G,23.12
3401-04,66.88
3401-04G,38.12
3401-05,96.88
3401-05G,48.12
3401-30,96.88
3401-30G,58.12
3401W-04,69.88
3401W-04G,29.12
3401W-05,89.88
3401W-05G,39.12
3401W-30,89.88
3401W-30G,39.12
3402-04,64.88
3402-04G,34.12
3402-05G,37.12
3402-30,77.88
3402-30G,47.12
3422-04,15.88
3422-04G,8.12
3422-05G,29.12
3427-04,92.00
3427-05,125.00
3427-30,125.00
3436-04,85.00
3436-30,99.00
3438-04,27.00
3438-30,82.00
3447-04,59.00
3447-30,135.00
3449-05G,44.12
3449-30,154.88
3501-15,185.00
3504-04,34.00
3507-30,95.00
3508-04,62.00
3508-05,83.00
3508-30,83.00
3511-04,24.00
3522-04,62.88
3522-04G,20.12
3522-05,94.88
3522-05G,30.12
3522-12,239.00
3522-30,209.00
3523-04,30.00
3523-30,165.00
3526-04,185.00
3526-05,239.00
3526-30,239.00
3527-30,105.00
3533-04,99.00
3533-05,169.00
3533-30,169.00
3534-04,89.00
3534-05,139.00
3534-30,139.00
3542-30,115.00
3546-04,42.00
3546-30,95.00
3546-84,79.88
3546-84B,69.12
3546S,32.00
3547-04,119.00
3547-05,159.00
3547-30,159.00
3551-04,109.00
3551-05,139.00
3551-30,139.00
3552-04,109.00
3552-05,139.00
3552-30,139.00
3559-31,135.00
3561-31,109.12
3561-31G,39.88
3562-04,55.00
3562-30,75.00
3568-04,45.00
3568-30,75.00
3578-04,89.00
3578-05,129.00
3578-30,129.00
3579-04,55.00
3579-05,75.00
3579-30,75.00
35800-T,109.00
3580-31,99.00
3581-04,125.00
35810-T60,249.00
3581-30,179.00
3583-04,75.00
3583-30,95.00
3584-04,45.00
3584-30,72.00
3585-04,42.00
3585-30,72.00
3587-04,79.00
3587-30,119.00
3588-04,55.00
3588-30,109.00
3593-01,74.88
3593-01G,34.12
3593-04,64.88
3593-04G,24.12
3604-31,55.00
3605-31,55.00
4087-04,65.00
4087-05,89.00
4087-30,89.00
4500-F1,37.00
4500-F2,37.00
4500-F3,37.00
4501-F1,85.00
4501-F2,85.00
4502FA,145.00
4503PU,155.00
4506PU,109.00
4507-F1,75.00
4507-F2,75.00
4508-PH,39.00
4508-SH,35.00
4510BRW,65.00
4510BUE,65.00
4510MTD,65.00
4510RED,65.00
4514-15,59.00
4516-15,159.00
4516-15C,65.00
4517,349.00
4519-15,169.00
4520,349.00
4521,349.00
458B-PU,105.00
459B-PU,159.00
4602PU,92.00
4603PU,85.00
4605BK,92.00
4605GY,92.00
4611PU,75.00
4614-F1,69.00
4614-F3,69.00
4617-04,119.00
4617-05,179.00
4617-12,199.00
4617-30,179.00
4618-07,179.00
4634M,145.00
4637M,145.00
4645M,165.00
4646M,79.00
4648M,209.00
4657M,145.00
4663,78.00
4664,65.00
4673M,175.00
4687BLK,122.00
4687WHT,122.00
4688BLK,152.00
4688WHT,152.00
468CP,129.00
468F25S,65.00
468F3S,89.00
468F6S,41.00
468F7S,59.00
468MC,119.00
468PU,119.00
4690-F2,75.00
4690-F3,75.00
4690-F4,75.00
4692-13,85.00
4694BK-15,95.00
4694WT-15,95.00
4695WT-07,85.00
4696BK-07,95.00
4697CM-07,155.00
4698GY-07,119.00
4699GY-07,109.00
469PU,79.00
470PU,169.00
471FA-1S,91.00
471LP,91.00
471NF,91.00
471PPE,79.00
471PU,79.00
471RED,79.00
471TPE,79.00
4722PU,129.00
4723BK,37.00
4723BL,37.00
4723BR,37.00
4723GR,37.00
4723RD,37.00
4723RN,37.00
4723WT,37.00
4727PU,155.00
4728AK,45.00
4728BK,45.00
4728ES,45.00
4730NF,99.00
4730PPE,79.00
4730PU,79.00
4730RED,79.00
4730TPE,79.00
4732PU,159.00
4738PU,82.00
4740BG,105.00
4741FA,82.00
4742PU,89.00
4791PU,125.00
4802MFR,199.00
4803BLK,209.12
4803BLK-A,39.88
4809CH,199.00
4823BR,99.00
4823GP,99.00
4829DB,116.88
4829DB-A,42.12
4829LN,122.88
4829LN-A,46.12
4838-A,105.88
4838-B,129.12
489BL,54.00
489DB,55.00
489RD,55.00
489WT,54.00
4949BK-A,84.88
4949BK-B,54.12
4949DBR-A,84.88
4949DBR-B,54.12
4950-A,99.88
4950-B,59.12
4950GY-A,104.88
4950GY-B,64.12
4956PU-A,69.88
4956PU-ARF,99.88
4956PU-B,65.06
4956PU-BRF,139.12
4956PU-C,64.06
4960DB-NT,139.00
4961DB-NT,179.00
4962DB-NT,199.00
4964BK-NT,99.00
4965W-NT,109.00
4966-A,179.88
4966-B,69.12
4966BR-A,179.88
4966BR-B,69.12
4966DG-A,179.88
4966DG-B,69.12
4967BK-NT,149.00
4968BK-NT,159.00
4969BU-A,89.88
4969BU-B,59.12
4969CH-A,89.88
4969CH-B,59.12
4969GY-A,76.88
4969GY-B,52.12
4969RD-A,89.88
4969RD-B,59.12
4969RN-A,89.88
4969RN-B,59.12
4970-A,149.88
4970-B,79.12
4971-A,169.88
4971-B,79.12
4972-A,109.88
4972-B,69.12
5021-54,169.88
5021BES,50.00
5021DBS,50.00
5022-78,79.88
5022-78B,69.12
5023-24,38.00
5023-36,137.00
5023-78,153.00
5023-90,130.88
5023-90B,62.12
5023S,34.00
5023-S2,34.00
5034BUES,38.00
5034REDS,38.00
5034RUTS,38.00
5034YLWS,38.00
5035BLK-18,20.00
5035BLK-24,28.00
5035BLK-29,32.00
5035SVE-18,20.00
5035SVE-24,28.00
5035SVE-29,32.00
5035WHT-18,20.00
5035WHT-24,28.00
5035WHT-29,32.00
5038-48,47.00
5038S,18.00
5039-48,55.00
5039S,30.00
5048-72,195.00
5048S,68.00
5050-36,209.00
5052-118,279.88
5052-118B,149.12
5052-50,409.88
5052-55,319.12
5052A,105.00
5052S,99.00
5055-50,279.88
5055-55,289.12
5055-82,269.00
5055A,63.00
5055S,56.00
5056-40,189.00
5056-78,165.00
5056A,45.00
5056S,40.00
5066B,28.12
5067,229.00
5070-13,59.00
5070-64,211.00
5070S,36.00
5079BK-24,36.00
5079BK-36,165.00
5079BK-66,157.00
50990-T,139.00
5099-15,179.00
5099-16,135.00
5099-17,199.00
5099-22,195.00
5100-04,129.00
5100-05,155.00
5100-30,155.00
5100-84,219.88
5100-84B,109.12
5100-S3,60.00
5103,209.00
5104,235.00
5105S,24.00
5106BK,69.00
5108-40,359.00
5108-84,269.00
5108S,57.00
5109-40,289.00
5109-82,159.88
5109-82B,89.12
5109S,45.00
5115-40,299.00
5115-92,169.88
5115-92B,89.12
5115A,56.00
5123-50,384.88
5123-55,234.12
5123-96,267.88
5123-96B,99.12
5123A,83.00
5123S,73.00
5127-76,205.00
5127S,41.00
5136-13,67.00
5136-78,164.88
5136-78B,114.12
5136S,51.00
5144GY,87.00
5144GYS,22.00
5145W-40,299.00
5145W-78,257.00
5145WS,52.00
5147BK-78,145.00
5147BKS,26.00
5148BK,77.00
5148BKS,23.00
5149-24,29.00
5149-36,49.88
5149-36B,13.12
5149-48,48.88
5149-48B,12.12
5149S,27.00
5155,99.00
5155S,23.00
5167-50,365.88
5167-55,359.12
5167-96,199.88
5167-96B,109.12
5167FS,60.00
5169-84,279.00
5177-04,125.00
5177-05,155.00
5177-30,155.00
5177-54,259.00
5177-84,309.00
5177S,60.00
5178-31,185.00
5178-60,135.00
5178BRS,36.00
5178GYS,36.00
5179-13,89.00
5179-40,329.00
5179-90,139.88
5179-90B,139.12
5179-S2,55.00
5235-54,134.88
5235-54B,64.12
5235S,49.00
5249,50.88
5251-108,194.88
5251-108B,142.12
5251S,83.00
5261G,62.88
5261-MB,84.06
5261S-2P,52.00
5261-WB,80.06
5262B,12.12
5262T,12.88
5263S,10.88
5263S-C,14.12
5264-SP,38.00
5264-TV,53.00
5265-36,6.88
5266-78B,34.12
5267RF-04,99.00
5267RF-05,129.00
5267RF-30,129.00
5267RF-50,359.88
5267RF-55,365.12
5267RF-96,199.88
5267RF-96B,109.12
5267RFA,85.00
5267RFS,60.00
5268-48,38.88
5268-48B,14.12
5268S,18.00
5271-78,117.00
5271S,32.00
5272,219.00
5275,119.00
5280-13,65.00
5280-64,235.00
5280S,41.00
5281-13,56.00
5281-64,219.00
5281S,35.00
5282S,31.00
5285-13,55.00
5285-64,125.00
5285S,35.00
5302A,125.00
5302A-18,20.00
5302A-24,21.00
5302A-29,22.00
5302BK,125.00
5302BK-18,20.00
5302BK-24,21.00
5302BK-29,22.00
5302C,125.00
5302C-18,20.00
5302C-24,21.00
5302C-29,22.00
5309-3A,115.00
5310BK,73.00
5310BK-MTL,79.00
5310C,73.00
5310C-MTL,79.00
5310W,73.00
5310W-MTL,79.00
5322A,21.00
5322C,21.00
5322N,21.00
5323-29,18.00
5327-48,117.00
5327S,42.00
5328-40,299.00
5328-45RD,114.88
5328-45RDB,84.12
5328-96,229.88
5328-96B,129.12
5328S,55.00
5333A,35.00
5333C,35.00
5333N,35.00
5346-14,85.00
5346-24,42.00
5346-36,231.00
5346-40,299.00
5346-82,231.00
5346S,42.00
5350PU-24,21.00
5351-24,45.00
5351-24BH,49.00
5351-24CR,109.00
5351-24TS,92.00
5351-36,114.88
5351-36B,34.12
5372-50,369.00
5372-72,239.00
5372S,49.00
5375-78,201.88
5375-78B,59.12
5375S,47.00
539BK-1,92.88
539BK-3,26.12
539BK-4,42.00
539BK-5,109.00
539BK-6,9.00
539BK-9,109.00
539FBK-3,33.12
539KBK-1CK,102.88
539KBK-1EK,102.88
539KBK-3CK,36.12
539KBK-3EK,36.12
539KW-1CK,106.88
539KW-1EK,106.88
539KW-3CK,32.12
539KW-3EK,32.12
539TBK-3,33.12
539W-1,92.88
539W-6,5.00
5400-04,65.00
5400-05,85.00
5400-07,349.00
5400-1,139.88
5400-13,79.00
5400-2,99.06
5400-24,45.00
5400-24BH,75.00
5400-24SW,65.00
5400-3,40.06
5400-30,85.00
5400-36XL,139.88
5400-36XLB,159.12
5400-4,109.00
5400-5,259.00
5400-50,249.88
5400-55,319.12
5400-6,52.00
5400-9,219.00
5400-94,219.88
5400-94B,79.12
5400A,49.00
5400K-1,179.88
5400K-2,129.06
5400K-3CK,50.06
5400K-3EK,50.06
5400S,45.00
5401-36B,58.12
5404-54,239.00
5404PUS,58.00
5409-78,219.00
5409RF-40,339.00
5409S,70.00
5411RF-40,259.00
5411RF-82,209.00
5411RFS,42.00
5415RF-1,90.88
5415RF-13,89.00
5415RF-15DKB,114.06
5415RF-15DKT,60.88
5415RF-16RDB,69.12
5415RF-16RDT,90.88
5415RF-17MT,99.88
5415RF-17WD,199.12
5415RF-18,165.00
5415RF-2,59.06
5415RF-3,39.06
5415RF-4,92.00
5415RF-40,309.00
5415RF-5,219.00
5415RF-6,49.00
5415RF-78,145.88
5415RF-78B,73.12
5415RF-9,209.00
5415RF-FBH,129.00
5415RFK-1,160.88
5415RFK-2,89.06
5415RFK-3CK,39.06
5415RFS,40.00
5416,61.00
5416S,17.00
5417,127.00
5423-66,97.00
5423S,38.00
5425-24,44.00
5425-36,149.00
5425-40,269.00
5425-90,199.00
5425S,50.00
5426-24,28.00
5426-72,75.00
5427,125.00
5428-04,119.00
5428-05,179.00
5428-30,179.00
5428-40,339.00
5428-45RD,134.88
5428-45RDB,84.12
5428-84,209.88
5428-84B,129.12
5428-S1,60.00
5428-S2,65.00
5428-S3,75.00
5429-24,49.00
5429-24ST,39.00
5429-36,129.00
5429-36RD,119.00
5430-04,55.00
5430-30,69.00
5430-60,139.00
5430S,39.00
5431-14,95.00
5431-24,49.00
5431-24BH,119.00
5431-36,233.00
5431-40,319.00
5431-77,194.88
5431-77B,74.12
5431S,45.00
5435-24,55.00
5435-24SW,65.00
5435-36,114.88
5435-36B,164.12
5438-04,99.00
5438-05,119.00
5438-1,119.88
5438-14A,159.00
5438-2,129.06
5438-3,50.06
5438-30,119.00
5438-4,119.00
5438-40,399.00
5438-5,239.00
5438-6,42.00
5438-9,199.00
5438-96,194.88
5438-96B,104.12
5438K-1,159.88
5438K-2,189.06
5438K-3CK,50.06
5438S,59.00
5445-60,35.88
5445-60G,69.12
5445BKS,26.00
5447-24FAS,72.00
5447-24S,72.00
5447-29FAS,75.00
5447-29S,75.00
5447-36,104.88
5447-36B,94.12
5447-36XL,186.88
5447-36XLB,82.12
5447-40,315.00
5448-78,167.88
5448-78B,32.06
5448-78C,79.06
5448S,54.00
5456,139.00
5456S,45.00
5458-42,48.88
5458S,26.00
5460-24,29.00
5460-36,73.00
5464-78,105.00
5465-66,77.00
5465WS,22.00
5466-04,75.00
5466-13,65.00
5466-30,85.00
5466-62,189.00
5466S,40.00
5467-66,109.00
5467S,25.00
5468-30,69.00
5468-60,115.00
5468S,41.00
5469-04,29.00
5469-30,39.00
5469-60,57.00
5469S,18.00
5470-13,65.00
5470-72,199.00
5470S,45.00
5473-103,152.88
5473-103B,86.12
5473-50,249.88
5473-55,299.12
5473A,50.00
5473S,45.00
5477N-40,349.00
5477N-96,249.00
5477NA,75.00
5477NS,69.00
5478-13,89.88
5478-13B,25.12
5478-72,274.88
5478-72B,64.12
5478S,50.00
5479-14,109.88
5479-14B,35.12
5479-72,274.88
5479-72B,22.06
5479-72C,82.06
5479S,49.00
5480-14,105.00
5480-24,60.00
5480-24BH,109.00
5480-36,249.00
5480-40,299.00
5480-76,257.00
5480S,53.00
5488-24,25.00
5488-36RD,54.88
5488-36RDB,64.12
5489-24,29.00
5489-36,84.88
5489-36G,14.12
549-1,84.88
5491-48,91.88
5491A,49.00
549-2,74.06
5492-40,299.00
5492-52,139.00
5492S,45.00
549-3,30.06
549-4,69.00
5494-106,209.88
5494-106B,169.12
5494-40,499.00
5494-76,199.88
5494-76B,99.12
5494A,110.00
5494S,100.00
549-5,159.00
549-6,33.00
5496-13,55.00
5496-40,329.00
5496-78,229.00
5496S,49.00
549F-3,30.06
549K-1CK,124.88
549K-1EK,124.88
549K-2CK,100.06
549K-2EK,100.06
549K-3EK,44.06
549T-2,69.06
549T-3,30.06
5503B,55.06
5503M,54.06
5503S,40.00
5503T,129.88
5504-40,369.00
5504-78,219.00
5504S,45.00
5509-50,249.88
5509-55,249.12
5509-92,194.88
5509-92B,44.12
5509A,55.00
5509S,50.00
5510-24,43.00
5510-36,127.00
5510-66,97.00
5510S,32.00
5511,269.00
5511-36,199.00
5512-31,119.00
5512-66,123.00
5512S,28.00
5513-64,99.00
5513S,39.00
5515GY,65.00
5515GYS,21.00
5516-66,121.00
5516BKS,37.00
5516BMS,37.00
5516TLS,37.00
5516WTS,37.00
5517-40,279.00
5517-78,119.88
5517-78B,109.12
5517A,49.00
5518-40,249.00
5518-78,169.88
5518-78B,57.12
5518S,33.00
5520-13,69.00
5520-40,259.00
5520-78,239.00
5520S,45.00
5525-36,229.00
5525-40,299.00
5525-72,229.00
5525DG-24,55.00
5525DG-24BH,109.00
5525DGS,50.00
5527-102,309.88
5527-102B,89.12
5527-14,85.00
5527-40,399.00
5527S,50.00
5530-50,299.00
5530-78,157.88
5530-78B,41.12
5530A,50.00
5530S,45.00
5531-112,309.88
5531-112B,179.12
5531-50,579.88
5531-55,419.12
5531A,100.00
5531S,90.00
5532-24,25.00
5532-36,39.88
5532-36B,29.12
5536-102,239.00
5536-50,349.88
5536-55,229.12
5536A,60.00
5536S,55.00
5538BK,12.88
5538BKG,24.12
5538BKS,12.00
5538W,10.88
5538WG,20.12
5538WS,11.00
5543-04,175.00
5543-05,229.00
5543-30,229.00
5544-13,79.00
5544-40,279.00
5544-72,249.00
5544S,49.00
5545-112,249.88
5545-112B,89.12
5545-40,349.00
5545A,75.00
5545S,65.00
5546-50,289.88
5546-55,259.12
5546-84,229.00
5546S,55.00
5547-13,45.00
5547-24,32.00
5547-24BH,65.00
5547-36,121.00
5547-40,219.00
5547-78,121.00
5547S,32.00
5550-24,19.00
5550-32,89.00
5553-01,149.00
5553-04,109.00
5553-05,149.00
5554-04,129.00
5554-05,189.00
5554-30,189.00
5556-04,129.00
5556-05,159.00
5556-30,159.00
5558-01,85.00
5560-04,169.00
5560-05,235.00
5560-30,235.00
5566-24BK,39.00
5566-29BK,42.00
5566-36,94.88
5566-36G,14.12
5568-40,279.00
5568-78,143.00
5568A,45.00
5568S,39.00
5569-40,279.00
5569-78,169.00
5569A,45.00
5569S,39.00
5572,159.00
5573,159.00
5574-36,179.00
5575,99.00
5575S,45.00
5576RD,59.88
5576RDB,59.12
5576S,39.00
5578-32,119.00
5669NF-04,145.00
5669NF-1,165.00
5669NF-30,165.00
571PE-1,94.88
571PE-2,144.12
5785-1,109.88
5785-2,47.06
5785F-2,47.06
5785K-1CK,54.88
5785K-1EK,149.88
5785K-2CK,25.06
5785K-2EK,64.06
5785K-3CK,19.06
5787-1,137.88
5787-3,51.12
5787K-1CK,194.88
5787K-1EK,194.88
5787K-3EK,64.12
5789BK-1,102.88
5789BK-3,52.12
5789BK-DRL,10.00
5789FBK-1,102.88
5789FBK-3,52.12
5789FN-1,102.88
5789FN-3,62.12
5789KBK-1CK,142.88
5789KBK-1EK,142.88
5789KBK-3CK,62.12
5789KBK-3EK,62.12
5789KN-1CK,142.88
5789KN-1EK,142.88
5789KN-3CK,72.12
5789KN-3EK,72.12
5789N-1,102.88
5789N-3,62.12
5789N-DRL,10.00
5790-1,49.88
5790-3,29.12
5790-4,55.00
5790F-1,49.88
5790F-3,29.12
5790K-1CK,79.88
5790K-1EK,79.88
5790K-3CK,49.12
5790K-3EK,49.12
5794T-1-3A,57.00
5794TAK-1,57.00
5794TAK-1-3A,75.00
5797FN-1,89.88
5797FN-3,59.12
5797KN-1CK,114.88
5797KN-3CK,84.12
5797KN-3EK,84.12
5797N-1,89.88
5797N-3,59.12
5797N-DRL,10.00
5799FPU-1,139.88
5799FPU-3,89.12
5799KPU-1CK,189.88
5799KPU-1EK,189.88
5799KPU-3CK,109.12
5799KPU-3EK,109.12
5799PU-1,139.88
5799PU-3,89.12
5799PU-DRL,10.00
5857FNGY-1,139.88
5857FNGY-2,34.06
5857FNGY-3,105.06
5857KNGY-2CK,44.06
5857KNGY-3CK,125.06
5857KNGY-3EK,125.06
5857NGY-2,34.06
5857NGY-3,105.06
5857NGY-DRL,10.00
5858KN-1CK,149.88
5858KN-1EK,149.88
5858KN-3CK,89.12
5858KN-3EK,89.12
5858N-1,119.88
5858N-3,79.12
586,179.00
586-13,60.00
586-14,70.00
586-24,30.00
586-36,159.00
586-40,249.00
586-60,229.00
586-76,209.00
586-82,159.00
586GY-14,76.00
586GY-40,279.00
586GY-82,197.00
586GYS,38.00
586S,30.00
5872KN-1CK,104.88
5872KN-1EK,104.88
5872KN-3CK,104.12
5872KN-3EK,104.12
5872N-1,79.88
5872N-3,79.12
5873KN-1CK,125.88
5873KN-1EK,125.88
5873KN-2CK,79.06
5873KN-2EK,79.06
5873KN-3CK,44.06
5873KN-3EK,44.06
5873N-1,95.88
5873N-2,64.06
5873N-3,39.06
5873N-BH,109.00
5873N-ST,55.00
5874FGY-1,79.88
5874FGY-3,69.12
5874FNV-1,79.88
5874FNV-3,69.12
5874FTE-1,79.88
5874FTE-3,69.12
5874GY-1,79.88
5874GY-3,69.12
5874KGY-1,109.88
5874KGY-3CK,79.12
5874KGY-3EK,79.12
5874KNV-1,109.88
5874KNV-3CK,79.12
5874KNV-3EK,79.12
5874KTE-1,109.88
5874KTE-3CK,79.12
5874KTE-3EK,79.12
5874NV-1,79.88
5874NV-3,69.12
5874TE-1,79.88
5874TE-3,69.12
5875BE-1,99.88
5875BE-3,99.12
5875BR-1,99.88
5875BR-3,99.12
5875FBE-1,99.88
5875FBE-3,99.12
5875FBR-1,99.88
5875FBR-3,99.12
5875FGY-1,99.88
5875FGY-3,99.12
5875GY-1,99.88
5875GY-3,99.12
5875KBE-1,129.88
5875KBE-3CK,119.12
5875KBE-3EK,119.12
5875KBR-1,129.88
5875KBR-3CK,119.12
5875KBR-3EK,119.12
5875KGY-1,129.88
5875KGY-3CK,119.12
5875KGY-3EK,119.12
5876-2DW,80.00
5876BE-1,89.88
5876BE-3,69.12
5876BR-1,89.88
5876BR-3,69.12
5876F-2DW,80.00
5876FBE-1,89.88
5876FBE-3,69.12
5876FBR-1,89.88
5876FBR-3,69.12
5876FGY-1,89.88
5876FGY-3,69.12
5876GY-1,89.88
5876GY-3,69.12
5876K-2DW,100.00
5876KBE-1,119.88
5876KBE-3CK,79.12
5876KBE-3EK,79.12
5876KBR-1,119.88
5876KBR-3CK,79.12
5876KBR-3EK,79.12
5876KGY-1,119.88
5876KGY-3CK,79.12
5876KGY-3EK,79.12
5880DB-1,119.00
5880FDB-1,119.00
5880KDB-1CK,159.00
5880KDB-1EK,159.00
626-24,52.00
626-24SW,71.00
626-36,173.88
626-36B,83.12
626-40,289.00
6403,229.00
6409,209.00
6412,123.00
6414,82.88
6414B,172.12
6468,269.00
6472,59.88
6472B,59.12
6478,149.00
6494,68.00
7063-04,65.00
7063-30,79.00
710-04B,22.00
710-04C,66.88
710-05B,38.00
710-05C,66.88
710-24,57.00
710-24W,57.00
710-30B,38.00
710-30C,66.88
710-36RDB,45.00
710-36RDC,97.88
710-40,289.00
710-54B,45.00
710-54C,97.88
710-72B,59.00
710-72C,99.88
710-72TR,124.88
710-72TRC,66.06
710-72TRG,66.06
710S,52.00
710WS,52.00
727-24,55.00
727-36,189.00
727-40,269.00
727-72,207.00
727S,52.00
7656R,64.00
7660R,66.00
76N,9.00
8004-S,129.00
8004-T,119.00
8014-B,74.00
8014-L,150.00
8014-R,150.00
8014-T,175.00
8018C-P,176.00
8019-S,220.00
8019-T,239.00
8046-T,135.00
8047-T,135.00
8048-T,145.00
8049-T,175.00
8058-T,145.00
8059-T,165.00
8060-T,165.00
8077-T,165.00
8079-04,69.00
8079-05,85.00
8079-30,85.00
8079-40,279.00
8079-78,209.00
8079S,40.00
8079-T48,199.00
8079-T58,229.00
8079-T68,249.00
813-4,79.00
813-5,259.00
813-6,47.00
813-9,165.00
814BK-1,99.88
814BK-2,89.06
814BK-3,50.06
814BK-4,99.00
814BK-5,259.00
814BK-6,29.00
814BK-9,219.00
814KBK-1CK,229.88
814KBK-1EK,179.88
814KBK-2CK,199.06
814KBK-2EK,149.06
814KBK-3EK,80.06
815-1,79.00
8155-1,99.88
8155-3,29.06
8155F-1,99.88
8155F-3,29.06
8155K-1CK,139.88
8155K-2CK,44.06
8155K-3CK,35.06
8155K-3EK,35.06
815BKPU-1,79.00
815K-1,109.00
815KBKPU-1,109.00
815KPU-1,109.00
815PU-1,79.00
815TBKPU-1,69.00
815TPU-1,69.00
8200BRW-1,299.00
8200BRW-1PW,349.00
8200BRW-2,479.00
8200BRW-2PW,579.00
8200BRW-3,499.00
8200BRW-3PW,599.00
8201BLK-1,189.00
8201BLK-2,299.00
8201BLK-3,299.00
8201BRW-1,189.00
8201BRW-2,299.00
8201BRW-3,299.00
8202CH-2,114.00
8202CH-3,135.00
8202CH-CA,99.12
8202CH-TS,199.88
8202GRY-2,114.00
8202GRY-3,135.00
8202GRY-CA,99.12
8202GRY-TS,199.88
8203GY-1,129.00
8203GY-2,169.00
8203GY-3,189.00
8203RD-1,129.00
8203RD-2,169.00
8203RD-3,189.00
8204-1,139.00
8204-2,199.00
8204-3,219.00
8205BR-1,79.00
8205CH-1,79.00
8206BRW-1,209.00
8206BRW-2,339.00
8206BRW-3,339.00
8206NF-1,209.00
8206NF-2,339.00
8206NF-3,339.00
8207-1,199.00
8207-2,269.00
8207-3,289.00
8208-3SC,199.00
8209BR-3SC,199.00
8210GRY-1,189.00
8210GRY-2,319.00
8210GRY-3,319.00
8211-A,149.88
8211-B,209.12
8212-AC,99.00
8212-AR,119.00
8212-CN,55.04
8212-CR,185.04
8212-LR,160.88
8212-RR,160.04
8213-1,119.00
8214BRW-1,119.00
8215BJ-1,119.00
8215GY-1,119.00
8216DG-1,119.00
8216DG-2,169.00
8216DG-3,189.00
8216SD-1,119.00
8216SD-2,169.00
8216SD-3,189.00
8219-1,85.00
8219-2,124.00
8219-3,155.00
8219-30,35.88
8219-30G,23.12
8222-1LT,199.00
8223BK-1PW,329.00
8223BK-3AC,110.00
8223BK-LRPW,254.88
8223BK-RRPW,254.12
8223DB-1PW,349.00
8223DB-3AC,110.00
8223DB-LRPW,269.88
8223DB-RRPW,269.12
8224DG-1,120.00
8224DG-2,179.00
8224DG-3,199.00
8224TN-1,120.00
8224TN-2,179.00
8224TN-3,199.00
8225-1,139.00
8225-2,189.00
8225-3,209.00
8225-4,59.00
8225NGY-1,139.00
8225NGY-2,189.00
8225NGY-3,209.00
8225NGY-4,59.00
8226DB-4,75.00
8226DB-AC,95.00
8226DB-CR,115.00
8226GY-4,75.00
8226GY-AC,95.00
8226GY-CR,115.00
8228BU-L,219.88
8228BU-R,199.12
8228TP-L,219.88
8228TP-R,199.12
8229-AC,99.00
8229-ARPW,169.00
8229-CN,59.00
8229-CR,177.06
8229-LRPW,197.88
8229-RRPW,197.06
8230BLK-1,199.00
8230BLK-2,329.00
8230BLK-2L,239.06
8230BLK-2RCN,289.88
8230BLK-3,329.00
8230BLK-CR,170.06
8230BRW-1,199.00
8230BRW-2,329.00
8230BRW-2L,239.06
8230BRW-2RCN,289.88
8230BRW-3,329.00
8230BRW-CR,170.06
8233FA-2,279.00
8233FA-3,299.00
8233FA-5,249.00
8233TT-2,279.00
8233TT-3,299.00
8233TT-5,249.00
8234RD-2,279.00
8234RD-3,299.00
8234RD-5,249.00
8234TT-2,279.00
8234TT-3,299.00
8234TT-5,249.00
8235GY-1,119.00
8235GY-2,179.00
8235GY-3,199.00
8235GY-L,133.88
8235GY-R,144.12
8235SS-1,119.00
8235SS-2,179.00
8235SS-3,199.00
8235SS-L,133.88
8235SS-R,144.12
8237PU-1PW,119.00
8238-AC,100.00
8238-AR,120.00
8238-CN,60.04
8238-CR,179.04
8238-LC,189.88
8238-LR,149.88
8238-RC,189.04
8238-RR,149.04
8239-1,179.00
8239-2,239.00
8239-3,259.00
8240-1,299.00
8240-2,479.00
8240-3,499.00
8244BU-1,139.00
8244BU-2,189.00
8244BU-3,209.00
8244RN-1,139.00
8244RN-2,189.00
8244RN-3,209.00
8244SD-1,139.00
8244SD-2,189.00
8244SD-3,209.00
8245BR-1,139.00
8245BR-2,189.00
8245BR-3,209.00
8245BR-3SL,329.00
8245GY-1,139.00
8245GY-2,189.00
8245GY-3,209.00
8245GY-3SL,329.00
8248GRY-2,124.00
8248GRY-3,145.00
8250GY-1,119.00
8250GY-2,179.00
8250GY-3,199.00
8250RN-1,119.00
8250RN-2,179.00
8250RN-3,199.00
8255GY-2LCNPHD,364.88
8255GY-2RCNPHD,364.06
8255GY-CR,170.06
8256-LPW,574.88
8256-R,574.12
8258-1,259.00
8258-2,389.00
8258-3,409.00
8259-AC,98.00
8259-ARPW,168.00
8259-CN,77.04
8259-CR,198.04
8259-LRPWH,228.88
8259-RRPWH,229.04
8268BR-1,99.00
8268GY-1,99.00
8268PU-1,99.00
827E-10,165.88
8300-1PW,379.00
8300-2LCPW,319.88
8300-2RCPW,319.12
8300-3LCPW,329.88
8300-3RCPW,329.12
8303-AC,99.00
8303-LL,185.00
8303-OT,99.00
8305FA-1,299.00
8305FA-2,379.00
8305FA-3,399.00
8306FA-1,169.00
8306FA-2,199.00
8307FA-1,105.00
8308-1PW,299.00
8308-3AC,50.00
8308-5L,269.88
8308-5R,269.12
8308-AC,115.00
8308-ARPW,199.00
8308-CN,95.00
8308-CR,270.00
8308-LCPW,249.88
8308-RCPW,249.12
8311GY-1,135.00
8311GY-2,215.00
8311GY-3,339.00
8312-1,169.00
8312-2,205.00
8312-3,225.00
8312DG-1,169.00
8312DG-2,205.00
8312DG-3,225.00
8313-1,465.00
8313-2,565.00
8313-3,665.00
8315-1,129.00
8316-1,179.00
8316-2,269.00
8316-3,369.00
8317-1,145.00
8317-2,179.00
8317-3,259.00
8318-1PW,330.00
8318-5L,349.88
8318-5R,349.12
8318-AC,160.00
8318-ARPW,250.00
8318-CN,120.00
8318-CR,340.00
8318-LRPW,269.88
8318-RRPW,269.12
8319-RCPW,249.12
8322-2LCPW,299.88
8322-2RCPW,299.12
8322-3AC,119.00
8322-3LCPW,279.88
8322-3RCPW,280.12
8323-1,139.00
8323-2,179.00
8323-3,199.00
8324-1,209.00
8324-2,279.00
8324-3,299.00
8324-4,109.00
8325BLK-1,219.00
8325BLK-2,319.00
8325BLK-3,339.00
8325BRW-1,229.00
8325BRW-2,329.00
8325BRW-3,349.00
8326BLK-1,249.00
8326BLK-2,349.00
8326BLK-3,369.00
8326BRW-1,239.00
8326BRW-2,339.00
8326BRW-3,359.00
8327BE-1,135.00
8327BE-2,195.00
8327BE-3,215.00
8327BLK-1,135.00
8327BLK-2,195.00
8327BLK-3,215.00
8327BLK-CR,122.06
8327BLK-L,138.88
8327BLK-R,138.06
8327DBR-1,135.00
8327DBR-2,195.00
8327DBR-3,215.00
8327DBR-CR,122.06
8327DBR-L,138.88
8327DBR-R,138.06
8327GY-1,135.00
8327GY-1S,155.00
8327GY-2,195.00
8327GY-3,215.00
8327TL-1,135.00
8327TL-1S,155.00
8327TL-2,195.00
8327TL-3,215.00
8328-1,109.00
8328-2,139.00
8328-3,159.00
8329BLK-1,149.00
8329BLK-2,219.00
8329BLK-3,239.00
8329BRW-1,149.00
8329BRW-2,219.00
8329BRW-3,239.00
8329CH-1,139.00
8329CH-2,209.00
8329CH-3,229.00
8333-1,155.00
8333-3,239.00
8334BLK-1,215.00
8334BLK-2,329.00
8334BLK-3,329.00
8334DBR-1,215.00
8334DBR-2,329.00
8334DBR-3,329.00
8335-4,139.00
8335-AC,120.00
8335-CR,159.06
8335-LL,259.88
8335-RL,260.06
8336-AC,115.00
8336-AR,135.00
8336-CN,63.04
8336-CR,198.04
8336-LC,218.88
8336-LR,168.88
8336-RC,218.04
8336-RR,168.04
8337FA-1,219.00
8337FA-2,419.00
8337FA-3,439.00
8337FA-4,119.00
8347BE-1,109.00
8348BL-1,109.00
8355-1PW,389.00
8355-3AC,129.00
8355-LRPW,274.88
8355-RRPW,275.12
8367CH-3,149.88
8367CH-4,50.00
8367CH-5,149.12
8367TP-3,149.88
8367TP-4,50.00
8367TP-5,149.12
8369GY-2LPW,269.88
8369GY-2RPW,270.06
8369GY-ARPW,170.00
8369GY-CR,139.06
8370BRW-1,179.00
8370BRW-2,319.00
8370BRW-3,319.00
8378BLK-4,59.00
8378BLK-L,149.88
8378BLK-R,149.12
8378BRW-4,59.00
8378BRW-L,149.88
8378BRW-R,149.12
8378GRY-4,59.00
8378GRY-L,149.88
8378GRY-R,149.12
8379BE-1,179.00
8379BE-2,219.00
8379BE-3,239.00
8379GY-1,179.00
8379GY-2,219.00
8379GY-3,239.00
8379TL-1,179.00
8379TL-2,219.00
8379TL-3,239.00
8380-1,189.00
8380-2,269.00
8380-3,289.00
8399-1,299.00
8399-1PW,349.00
8399-2,469.00
8399-2PW,569.00
8399-3,489.00
8399-3PW,589.00
8401-3SC,225.00
8403-1,165.00
8403-2,244.00
8403-3,265.00
8404DB-1,115.00
8404TP-1,115.00
8405BJ-1,195.00
8405BJ-2,289.00
8405BJ-3,309.00
8405BJ-3SL,409.00
8405BJ-4,75.00
8411-2L,214.88
8411-2LCN,254.88
8411-2R,215.06
8411-2RCN,255.06
8411-CR,165.06
8412-04,229.00
8412-1,465.00
8412-2,565.00
8412-3,665.00
8412-30,279.00
8413BE-1,135.00
8413BE-2,195.00
8413BE-3,215.00
8413GY-1,135.00
8413GY-2,195.00
8413GY-3,215.00
8413TL-1,135.00
8413TL-2,195.00
8413TL-3,215.00
8413YW-1,135.00
8413YW-2,195.00
8413YW-3,215.00
8414-1,235.00
8414-2,389.00
8414-3,389.00
8414DBR-1,235.00
8414DBR-2,389.00
8414DBR-3,389.00
8422-1,145.00
8422-2,189.00
8422-3,309.00
8427-1,259.00
8427-2,379.00
8427-3,399.00
8427-CR,239.06
8427-L,339.88
8427-R,320.06
8435-1PW,205.00
8435-2PW,345.00
8435-3PW,394.00
8437-1LT,255.00
8437DBR-1LT,255.00
8439AH-1,115.00
8439AH-3,165.00
8444BLK-1PW,379.00
8444BLK-2PW,629.00
8444BLK-3PW,649.00
8446-1,145.00
8448-AC,110.00
8448-AR,135.00
8448-CN,65.04
8448-CR,170.04
8448-LR,159.88
8448-RR,159.04
845-50,175.88
8455-2,239.00
8455-3,345.00
8456-1,389.00
8456-2,489.00
8456-3,509.00
8457-4,45.00
8457-R,149.12
8458-2,439.00
8458-3,459.00
8469-1,259.00
8469-2,329.00
8469-3,349.00
8469-5,259.00
8477-1,299.00
8477-2,379.00
8477-3,399.00
8477-4,109.00
8477DB-1,299.00
8477DB-2,379.00
8477DB-3,399.00
8477NF-1,299.00
8477NF-2,379.00
8477NF-3,399.00
8478-1,229.00
8478-2,309.00
8478-3,329.00
8479-2,175.00
8479-3,235.00
8480BRW-1,245.00
8480BRW-1PW,295.00
8480BRW-2,359.00
8480BRW-2LCN,269.88
8480BRW-2PW,459.00
8480BRW-2R,229.06
8480BRW-3,379.00
8480BRW-3PW,479.00
8480BRW-AR,110.00
8480BRW-CR,190.06
8480GRY-1,245.00
8480GRY-1PW,295.00
8480GRY-2,359.00
8480GRY-2LCN,269.88
8480GRY-2PW,459.00
8480GRY-2R,229.06
8480GRY-3,379.00
8480GRY-3PW,479.00
8480GRY-AR,110.00
8480GRY-CR,190.06
8480RED-1,245.00
8480RED-1PW,295.00
8480RED-2,359.00
8480RED-2LCN,269.88
8480RED-2PW,459.00
8480RED-2R,229.06
8480RED-3,379.00
8480RED-3PW,479.00
8480RED-AR,110.00
8480RED-CR,190.06
8488CN-1,159.00
8488CN-2,229.00
8488CN-3,249.00
8488CN-4,69.00
8490-AC,115.00
8490-AR,135.00
8490-CN,63.04
8490-CR,198.04
8490FBR-AC,115.00
8490FBR-AR,135.00
8490FBR-CN,63.04
8490FBR-CR,198.04
8490FBR-LC,218.88
8490FBR-LR,168.88
8490FBR-RC,218.04
8490FBR-RR,168.04
8490-LC,218.88
8490-LR,168.88
8490-RC,218.04
8490-RR,168.04
8500BLK-1,185.00
8500BLK-2,269.00
8500BLK-3,289.00
8500GRY-1,185.00
8500GRY-2,269.00
8500GRY-3,289.00
8507BE-1,119.00
8507BE-3,280.00
8507BE-BT,42.00
8509-1LT,255.00
8511BK-1,135.00
8511BK-2,185.00
8511BK-3,205.00
8511TP-1,135.00
8511TP-2,185.00
8511TP-3,205.00
8515BRW-1,129.00
8515BRW-3,245.00
8518-1,95.00
8518-2,155.00
8518-3,175.00
8524BK-1,225.00
8524BK-2,359.00
8524BK-3,359.00
8524BK-CN,44.00
8524BK-LC,167.88
8524BK-RC,168.12
8524RD-1,225.00
8524RD-2,359.00
8524RD-3,359.00
8524RD-AR,125.00
8524RD-CN,44.00
8524RD-LC,167.88
8524RD-RC,168.12
8545-1LT,235.00
8548BLK-1,185.00
8548BRW-1,185.00
8550WHT-1,175.00
8555BLK-1,105.00
8555WHT-1,105.00
8579DB-1,145.00
8579DB-2,185.00
8579DB-3,205.00
8588BRW-3,205.00
8588TPE-3,179.00
8599BGD-1,159.00
8599BGD-3,289.00
8599TPE-2,269.00
8599TPE-3,289.00
866FNC-1,89.88
866FNC-2,84.06
866FNC-3,35.06
866KNC-1,139.88
866KNC-2,114.06
866KNC-3CK,45.06
866KNC-3EK,45.06
866NC-1,89.88
866NC-2,84.06
866NC-3,35.06
866NC-4,109.00
866NC-5,245.00
866NC-6,77.00
866NC-9,209.00
9600-2L,289.88
9600-2R,238.06
9600-AC,85.00
9600-CR,195.06
9603BLK-1,205.00
9603BLK-2,289.00
9603BLK-3,309.00
9603WHT-1,205.00
9603WHT-2,289.00
9603WHT-3,309.00
9606-AC,129.00
9606AH-AC,139.00
9606AH-CN,62.04
9606AH-CR,215.04
9606AH-LR,199.88
9606AH-LRPW,249.88
9606AH-RC,255.04
9606AH-WD,265.04
9606-AR,149.00
9606-CN,58.04
9606-CR,205.04
9606-LR,194.88
9606-RC,243.04
9608-AR,135.00
9608-CN,72.03
9608-CR,195.05
9608-RC,259.04
9616BRW-1,175.00
9616BRW-2,259.00
9616BRW-3,279.00
9616CN-1,175.00
9616CN-2,259.00
9616CN-3,279.00
9619DB-1,129.00
9619DB-2,179.00
9619DB-3,199.00
9636-1,205.00
9636-2,335.00
9636-3,335.00
9636CC-1,205.00
9636CC-2,335.00
9636CC-3,335.00
9639-1,129.00
9639-2,175.00
9639-3,195.00
9668BJT-3,349.00
9668BLK-1,205.00
9668BLK-1PW,255.00
9668BLK-2,339.00
9668BLK-2PW,439.00
9668BLK-3,339.00
9668BLK-3PW,439.00
9668BRW-1,205.00
9668BRW-1PW,255.00
9668BRW-2,339.00
9668BRW-2PW,439.00
9668BRW-3,339.00
9668BRW-3PW,439.00
9669FCP-AC,95.00
9669FCP-CN,52.04
9669FCP-CR,154.04
9669FCP-LL,244.88
9669FCP-RC,174.04
9688GY-L,254.88
9700BLK-1,179.00
9700BLK-1AZ,175.00
9700BLK-1PW,229.00
9700BLK-2,259.00
9700BLK-2AZ,285.00
9700BLK-2PW,359.00
9700BLK-3,279.00
9700BLK-3AZ,365.00
9700BLK-3PW,379.00
9700BRW-1,179.00
9700BRW-1AZ,175.00
9700BRW-1PW,229.00
9700BRW-2,259.00
9700BRW-2AZ,285.00
9700BRW-2PW,359.00
9700BRW-3,279.00
9700BRW-3AZ,365.00
9700BRW-3PW,379.00
9700FCP-1,179.00
9700FCP-1PW,229.00
9700FCP-2,259.00
9700FCP-2AZ,285.00
9700FCP-2PW,359.00
9700FCP-3,279.00
9700FCP-3AZ,365.00
9700FCP-3PW,379.00
9701BLK-1,95.00
9701BLK-2,125.00
9701BLK-3,150.00
9709CN-AC,99.00
9715PU-1,105.00
9715PU-2,155.00
9715PU-3,175.00
9723-1,235.00
9723-2,299.00
9723-3,319.00
9724BLK-1,205.00
9724BLK-2,329.00
9724BLK-3,329.00
9724BRW-1,205.00
9724BRW-2,329.00
9724BRW-3,329.00
9734BK-1,145.00
9734BK-2,185.00
9734BK-3,205.00
9734BR-1,145.00
9734BR-2,185.00
9734BR-3,205.00
9734CH-1,145.00
9734CH-2,185.00
9734CH-3,205.00
9734DB-1,145.00
9734DB-2,185.00
9734DB-3,205.00
9734TP-1,145.00
9734TP-2,185.00
9734TP-3,205.00
9739-4,145.00
9739CH-4,145.00
9739CH-L,234.88
9739CH-R,235.12
9739-L,234.88
9739-R,235.12
9739RED-4,145.00
9739RED-L,234.88
9739RED-R,235.12
9745BLK-1,369.00
9745BRW-1,369.00
9769-1LT,235.00
9769BR-1LT,235.00
9778BLK-1,205.00
9778BLK-2,289.00
9778BLK-3,309.00
9789BRG-3LC,195.00
9789BRG-4,59.00
9789CF-3LC,195.00
9789CF-4,59.00
9909BR-3,179.88
9909BR-4,50.00
9909BR-5,179.12
9909CH-3,179.88
9909CH-4,50.00
9909CH-5,179.12
B1422-1,79.88
B1422-14,139.88
B1422-15,199.12
B1422-2,95.04
B1422-3,100.04
B1422-4,89.00
B1422-5,206.00
B1422-6,35.00
B1422-9,189.00
B1422-F,64.00
B1422F-1,79.88
B1422F-2,65.06
B1422F-3,44.06
B1422-R,90.00
B1422-SL,40.04
B1422T-1,69.88
B1422T-2,59.06
B1422T-3,40.06
B1799-4,109.00
B1799-5,269.00
B1799-6,73.00
B1799-9,229.00
B1799-F,69.00
B1799F-1,99.88
B1799F-2,100.06
B1799-HF,239.88
B1799-R,129.00
B1799-RL,129.06
B1799-SL,30.06
B1799T-1,84.88
B1799T-2,85.06
B1799T-3,29.06
B2008TF-1,239.88
B2008TF-2,119.12
B2013DC-1,84.88
B2013DC-2,70.06
B2013DC-4,59.00
B2013DC-9,109.00
B2013DC-R,52.00
B2013DC-SL,24.06
B2013DC-T,37.00
B2013FFDC-1,129.88
B2013FFDC-2,109.06
B2013FFDC-SL,26.06
B2013PRDC-1,89.88
B2013PRDC-2,109.12
B2013SBDC-1,109.88
B2013SBDC-2,75.04
B2013SBDC-3,139.04
B2013SBDC-SL,25.04
B2013TFDC-1,99.88
B2013TFDC-2,83.06
B2013TFDC-SL,26.06
B2018-2,130.06
B2023-1,102.88
B2023-W,24.12
B2028-1,67.00
B2033-1,219.00
B2033FF-1,269.00
B2040-1,199.00
B2043-1,84.88
B2043-2,70.06
B2043-4,59.00
B2043-9,109.00
B2043FF-1,129.88
B2043FF-2,109.06
B2043FF-SL,26.06
B2043PR-1,89.88
B2043PR-2,109.12
B2043-R,52.00
B2043SB-1,109.88
B2043SB-2,75.04
B2043SB-3,139.04
B2043SB-SL,25.04
B2043-SL,24.06
B2043-T,37.00
B2043TF-1,99.88
B2043TF-2,83.06
B2043TF-SL,26.06
B2053FFW-1,129.88
B2053FFW-2,109.06
B2053FFW-SL,26.06
B2053PRW-1,89.88
B2053PRW-2,109.12
B2053SBW-1,109.88
B2053SBW-2,75.04
B2053SBW-3,139.04
B2053SBW-SL,25.04
B2053TFW-1,99.88
B2053TFW-2,83.06
B2053TFW-SL,26.06
B2053W-1,84.88
B2053W-2,70.06
B2053W-4,59.00
B2053W-9,109.00
B2053W-R,52.00
B2053W-SL,24.06
B2053W-T,37.00
B2119-SL,24.06
B2250-1,169.88
B2250-2,70.06
B2250-3,135.06
B27-1,104.88
B27-SL,30.06
B29-LD,22.03
B29-SL,32.03
B33FE-1,104.88
B33FE-2,104.06
B33FE-SL,40.06
B45-1,30.88
B45-2,39.04
B45-3,66.04
B45-SL,33.04
B49-1,119.88
B813T-1,209.00
B813TF-1,219.00
DRACK-QN,80.00
G30RD,20.12
G3636,32.12
G4272,48.12
G48RD,41.12
G5019,30.12
G5228,30.12
G5454,69.12
G54RD,64.12
H10076,59.00
H10081,99.00
H10125,109.00
H10128,65.00
H10130,65.00
H10490R,89.00
H10829,99.00
H11296,69.00
H11297,109.00
H11302,65.00
H11303,119.00
H11759,69.00
H11760,119.00
H11761,69.00
H11762,79.00
H11765,19.88
H11765B,179.12
H13441,55.00
H13475,69.00
H19743,99.00