number,price
5438K-1CK,399
5438K-1EK,399
2259KGY-1CK,499
1968K-1CK,189
1907KW-1CK,349
1824K-1CK,410
1718KGY-1CK,379
1704K-1CK,599
1714KW-1CK,379
1883N-1HB,199
1844KDC-1CK,399
1907K-1EK,349
2147KW-1CK,185
2243K-1CK,385
2159K-1CK,274
1740PLK-1CK,359
5503,239
710-36RD,207
710-72,207
710-54,207
1990K-1CK,329
1990K-1EK,329
5400K-1CK,359
5400K-1EK,359
5415RFK-1CK,289
5415RFK-1EK,289
2259KGY-1EK,499
2046K-1CK,209
2046K-1EK,209
1978KW-1CK,499
1978KW-1EK,499
1977K-1CK,279
1977K-1EK,279
1968K-1EK,189
1967KW-1CK,219
1967KW-1EK,219
1961K-1CK,179
1961K-1EK,179
1958K-1CK,349
1958K-1EK,349
1958-15,324
1957K-1CK,248
1957K-1EK,248
1955K-1CK,149
1955K-1EK,149
1952K-1CK,249
1952K-1EK,249
1949K-1CK,299
1949K-1EK,299
1909RFK-1EK,249
1946K-1CK,279
1946K-1EK,279
1944K-1CK,379
1944K-1EK,379
1933K-1CK,549
1933K-1EK,549
1916KBK-1CK,389
1916KBK-1EK,389
1916BK-15,365
1909RFK-1CK,249
1907KW-1EK,349
1866KGY-1CK,499
1866KGY-1EK,499
1824K-1EK,410
1718KGY-1EK,379
1717K-1CK,419
1717K-1EK,419
1711K-1CK,319
1711K-1EK,319
1708K-1CK,219
1708K-1EK,219
1707K-1CK,289
1707K-1EK,289
1706K-1CK,259
1706K-1EK,259
1704K-1EK,599
1714KW-1EK,379
1714KBK-1CK,379
1714KBK-1EK,379
1888N-1HB,149
1882N-1HB,169
1936K-1CK,179
1936K-1EK,179
1904K-1CK,179
1904K-1EK,179
1908K-1CK,189
1908K-1EK,189
1857K-1CK,249
1857K-1EK,249
1844KDC-1EK,399
1924K-1CK,249
1924K-1EK,249
1907K-1CK,349
1927K-1CK,359
1927K-1EK,359
1937K-1CK,329
1937K-1EK,329
1911K-1CK,319
1911K-1EK,319
1945K-1CK,649
1945K-1EK,649
1847K-1CK,649
1847K-1EK,649
1919K-1CK,699
1919K-1EK,699
1935PNK-1CK,599
1935PNK-1EK,599
1912K-1CK,479
1912K-1EK,479
1918K-1CK,469
1918K-1EK,469
1901K-1CK,389
1901K-1EK,389
1901-15,399
1928K-1CK,299
1928K-1EK,299
1905K-1CK,199
1905K-1EK,199
1905-15,279
1916K-1CK,389
1916K-1EK,389
1916-15,365
1845LED-1CK,209
1845LED-1EK,209
2147KSG-1CK,185
2147KSG-1EK,185
2615KDC-1CK,549
2615KDC-1EK,549
2168KWW-1CK,719
2168KWW-1EK,719
1869K-1CK,319
1869K-1EK,319
1867K-1CK,599
1867K-1EK,599
1866K-1CK,499
1866K-1EK,499
1852K-1CK,249
1852K-1EK,249
1845K-1CK,379
1845K-1EK,379
1839K-1CK,299
1839K-1EK,299
1834K-1CK,499
1834K-1EK,499
1828K-1CK,509
1828K-1EK,509
1821K-1CK,499
1821K-1EK,499
1799K-1CK,399
1799K-1EK,399
2147KW-1EK,185
2147KBK-1CK,185
2147KBK-1EK,185
1806K-1CK,225
1806K-1EK,225
2299KW-1CK,269
2299KW-1EK,269
2243SLK-1CK,565
2243SLK-1EK,565
2243K-1EK,385
2168K-1CK,719
2168K-1EK,719
2159K-1EK,274
2146K-1CK,159
2146K-1EK,159
2147K-1CK,165
2147K-1EK,165
2145K-1CK,149
2145K-1EK,149
1740PLK-1EK,359
2124K-1CK,389
2124K-1EK,389
1746K-1CK,339
1746K-1EK,339
1740K-1CK,289
1740K-1EK,289
1733K-1CK,235
1733K-1EK,235
1385K-1CK,379
1385K-1EK,379
866KNC-1CK,299
866KNC-1EK,299
1390LPK-1CK,649
1390LPK-1EK,649
1390K-1CK,719
1390K-1EK,719
1402LPK-1CK,399
1402LPK-1EK,399
1402LP-1,299
1888N-1HB,149
1883N-1HB,199
1882N-1HB,169
8202CH-SC,299
8202GRY-SC,299
8223DB-3PW,649
8223DB-2PW,539
8223BK-3PW,619
8223BK-2PW,509
8355-3PW,679
8355-2PW,550
8318-3PW,699
8318-2CNPW,659
8308-3PW,549
8308-2PW,499
8300-3PW,659
8300-2PW,639
8228TP,419
8228BU,419
8211,359
