id,number,price,product_id
12587,5447-29FAS,75,3422
12172,2615DC-40,349,3299
12875,5873N-BH,109,3486
12195,5178-60,135,3305
15011,4732PU,159,4191
13151,2615KDC-1CK,549,3526
12505,1393BK-36,209,3397
12200,5177-54,259,3307
14474,2147TW-1*,119,3897
12194,5179-40,329,3304
13371,2169-4,255,3558
14450,2147SG-4,59,3893
12791,1916BK-15*,365,3475
12204,5167-50*,725,3308
12179,2615DC-40,349,3300
12351,2546-40*,289,3350
12942,2220T-1*,75,3498
12171,2615DC-50*,669,3299
12273,5039S,30,3327
15713,1919KNC-1CK*,699,4401
12178,2615DC-50*,669,3300
12473,5302A-18,20,3386
15679,1604-4,99,4396
13302,2147KW-1CK,185,3549
13991,8490-RC,218,3704
14172,9724BLK-2,329,3758
15138,1297GY-1,115,4276
12198,5177-84,309,3306
12165,5425-40,249,3297
13725,8327BLK-CR,122,3632
12829,1718KGY-1CK,379,3481
12199,5177S,60,3306
12203,5167FS,60,3308
15195,1766-6,62,4285
15194,1766-5,249,4285
12551,1372-36,209,3411
14998,1191F3S,67,4178
12724,1958-15*,425,3466
15024,5415RF-16*,160,4203
12796,1909RF-1*,219,3476
12015,5489-36*,109,3255
12557,710-36RD*,207,3413
15023,5415RF-15*,289,4203
15025,5415RF-17*,299,4203
11980,5515GY,65,3243
14026,8325BLK-2,329,3711
14456,B1799*,399,3894
14423,1856-9,110,3888
13841,8212-CN,55,3668
14993,468CP,129,4173
12604,2469,195,3439
15026,5415RF-18,165,4203
15050,3228-12,135,4218
13663,8202CH-3,139,3610
12464,5302C,125,3384
15166,1730GY-5,199,4281
13455,2124-5,269,3568
11974,5517-40,319,3241
13230,1852-5,246,3539
14091,8411-2RCN,255,3732
12493,3270-48,109,3393
13842,8212-CR,185,3668
14250,1270F1S,129,3817
12155,5400S,45,3295
14314,B2053W-T,37,3865
14090,8411-2R,215,3732
12018,5491A,49,3256
12965,1915K-1CK,279,3501
13853,8490FBR-AC,115,3670
12347,2546-96,249,3350
12726,1957K-1CK,329,3467
12201,5177S,60,3307
12279,5034REDS,38,3329
13032,1927-5,349,3509
13652,8226GY-4,75,3605
15238,1916GY-1*,299,4291
12196,5178BRS,36,3305
15184,1762K-1EK*,279,4284
12272,5039-48,55,3327
14654,5428-05,179,3954
15185,1762-1*,199,4284
14115,9669FCP-CN,52,3740
13569,1385F-1*,289,3584
12864,1707-5,299,3485
14326,B2013DC-9,109,3867
12030,5479S,49,3260
12287,17813*,174,3331
12535,586-13,60,3406
12650,5415RF-1*,239,3457
14319,B2053W-1*,179,3866
12182,5473S,55,3301
12653,5415RF-6,73,3457
13196,1890KN-1EK*,149,3534
11951,5531A,100,3235
11971,5518-40,279,3240
12335,2601-48,39,3345
12567,710WS,52,3415
12870,1706F-1*,199,3486
12868,1706K-1EK*,259,3486
12029,5479-72*,379,3260
12595,5103,209,3430
13561,1349T-1*,179,3583
14228,8215GY-1,119,3795
12267,5035WHT-29,32,3324
11970,5518S,40,3240
12869,1706-1*,199,3486
14503,B2013DC-1*,179,3903
12603,2505BK-36,169,3438
12266,5035WHT-24,28,3324
12729,1957-4,109,3467
12345,2547-72,135,3349
11952,5531S,90,3235
12716,1961-9,119,3465
12064,1947-96,279,3269
14431,2145F-1*,99,3890
15209,1769-6,52,4287
11957,5530-50,349,3236
12268,2601-36,59,3325
11981,5515GYS,21,3243
14452,2147SG-6,33,3893
13021,1907K-1CK,349,3508
13850,8238-LR,149,3669
11955,5530A,59,3236
11962,5525-72,229,3238
11956,5530S,50,3236
11954,5530-78*,249,3236
11972,5517-78*,263,3241
12592,5275,119,3427
11960,5525DG-24BH,109,3237
12039,5456,139,3262
12003,5496-13,55,3251
12043,5431-24BH,119,3263
12031,5479-14*,145,3260
12047,5328-40,299,3264
15168,1730GY-9,189,4281
12036,5478-13*,115,3261
14194,9700BRW-1,179,3767
12034,5478-72*,339,3261
11997,5544-72,249,3250
12647,5438-9,199,3456
12041,5431-36,233,3263
12020,5488-24,32,3257
12789,1916BK-6,113,3475
12106,5285-64,125,3282
11940,5546-84,229,3231
11973,5517A,59,3241
12013,5512-66,123,3254
12012,5494-40,499,3253
12014,5512S,28,3254
12008,5494-40,499,3252
12305,2615DCA,70,3338
12011,5494S,100,3253
12035,5478S,50,3261
11967,5520-13,69,3239
11966,5520S,45,3239
12042,5431-24,49,3263
15127,2615DCS,65,3338
12265,5035WHT-18,20,3324
12044,5431-40,319,3263
12871,1706-4,99,3486
11993,5504S,45,3248
11968,5520-40,259,3239
11944,5538W*,37,3232
12001,5496-78,229,3251
12004,5496-40,329,3251
11961,5525-40,299,3237
12002,5496S,49,3251
12652,5415RF-5,309,3457
11964,5525-40,299,3238
11969,5518-78*,269,3240
12646,5438-6,42,3456
11959,5525DG-24,55,3237
11994,5504-40,369,3248
11999,5544-13,79,3250
12649,5415RFK-1EK*,329,3457
12067,1947-50*,499,3269
12337,2588-92*,367,3346
12495,3270-S1BK,45,3393
14173,9724BLK-1,205,3758
14518,1356BK-6,57,3905
13195,1890KN-1CK,149,3534
12737,1955-4,59,3468
14261,4741FA,82,3828
13673,8378BLK-4,59,3614
12080,1704-50*,1099,3272
12084,1704-50*,1099,3273
12096,5429-24ST,39,3278
14238,8211*,359,3805
12095,5429-24,49,3278
13855,8490-CN,63,3670
12092,5429-24,49,3277
13415,2147-6,26,3563
12100,586GYS,38,3280
12271,5038S,18,3326
13329,1810-6,44,3551
13640,2026PU-1HB,56,3600
14144,9636CC-1,205,3749
14270,8404DB-1,115,3837
15146,1242-1,199,4278
11986,5510-66,119,3246
13701,8225-1,139,3623
12058,5477N-40,349,3267
14205,1200BLK,149,3772
12068,1947-40,299,3269
12079,1704S,125,3272
11943,5546-55,259,3231
12489,3270-S1BK,45,3391
12081,1704-108,449,3273
12091,5429-36,129,3277
12077,1704-60,449,3272
12082,1704A,140,3273
12083,1704S,125,3273
12102,586GY-40,279,3280
15422,2220DBR-1*,85,4346
12089,5430-60,139,3276
12740,1955-9,130,3468
12186,5251-108*,337,3303
12236,1867S,120,3319
12208,5149-48*,61,3310
13310,2147W-9,125,3549
13220,1855K-1EK*,185,3538
12226,5108-40,359,3316
15323,5604-36,107,4319
12963,1904-6,36,3500
12218,5123A,83,3314
12205,5167-55,359,3308
12141,5428-84*,339,3292
11965,5520-78,239,3239
12158,5400-55,319,3295
12184,5268-48*,53,3302
12220,5123-50*,619,3314
15479,5874GY-1*,149,4359
12157,5400-50*,569,3295
12060,1958A,85,3268
12159,5400-07,349,3295
13777,8234TT-2,239,3648
13417,2147-12,119,3563
12366,2538S,34,3353
12336,2601S,15,3345
12219,5123S,73,3314
12147,5411RFS,42,3293
12189,2546-40*,229,3303
12222,5115A,56,3315
12223,5115-40,299,3315
13418,2145K-1CK,149,3564
12132,5415RF-40,299,3289
12190,2546-40M,130,3303
15351,1294GY-1,129,4329
12365,2538-60,102,3353
12134,5409S,55,3290
12148,5411RF-40,259,3293
12138,5428-S2,65,3291
15275,5162WW-36,99,4305
12071,1935S,125,3270
12135,5409RF-40,299,3290
12128,5431-40,319,3288
15450,5877KGY-1EKDW*,329,4352
12540,586-40,249,3407
12055,5477N-96,249,3267
12152,5438-40,399,3294
12235,1867A,130,3319
14145,9636CC-2,335,3749
14645,3534-05,139,3951
12682,1978W-4,199,3461
12240,1828A,125,3320
14008,8480BRW-1PW,295,3707
12070,1935A,135,3270
12303,5056-40,209,3337
12234,1867-102*,559,3319
12262,5035SVE-18,20,3324
12979,1737NGY-6,76,3502
13709,8235SS-L,133,3626
12237,1867-50*,649,3319
12212,5147BK-78,203,3312
12238,1867-40,449,3319
14169,9724BRW-2,329,3757
12275,5070-13,59,3328
13729,8327BLK-2,195,3633
12274,5070-64,211,3328
12192,5179-S2,55,3304
12242,1828-50*,569,3320
12293,5021BES,50,3333
15325,5604-40,150,4319
12309,2615DC-50*,669,3338
13031,1927-4,149,3509
13372,2169-5,519,3558
12019,5488-36RD*,137,3257
12254,1808-40,449,3322
14434,2145-6,32,3890
14662,3551-04,109,3958
12260,5035BLK-24,28,3324
12299,2617N-24,47,3336
13671,8378BLK-L,149,3614
14089,8411-2LCN,254,3732
12257,710WS,52,3323
12806,1907W-6,63,3477
12261,5035BLK-29,32,3324
12264,5035SVE-29,32,3324
12294,5048-72,195,3334
13791,8239-3,279,3653
11995,5503*,239,3249
12241,1828S,115,3320
12977,1737NGY-4,136,3502
12295,5048S,68,3334
12061,1958S,75,3268
12090,5430S,39,3276
15854,5547-36,121,4441
12325,2243S,99,3342
12339,2588-40,379,3346
12378,2526S,78,3356
12315,5052-118*,429,3340
12318,5052-50*,729,3340
12191,5179-90*,279,3304
12377,2526-96*,307,3356
15855,5547-24,32,4441
15511,5880DB-1,119,4367
12369,2529S,42,3354
12404,2456-36,213,3366
15503,5888-1*,239,4365
12665,2259GY-1*,399,3459
15453,5876KBE-1CK*,209,4353
12380,2524-24,40,3357
12548,1372-78,209,3410
12446,3217PUS,129,3377
12352,2546-40M,165,3350
12321,2243S,99,3341
13732,8244SD-2,195,3634
12383,1178RED,51,3358
12387,1156RED,37,3360
12320,2243A,105,3341
12370,2529-13,59,3354
13710,8235SS-R,144,3626
14178,9769BR-1LT,235,3761
12390,1155WHT,37,3361
15491,5875BE-1*,199,4362
12066,1947S,80,3269
12119,1915-60,89,3286
15856,5547-24BH,65,4441
12324,2243A,105,3342
15652,1744-6,62,4392
12393,1149RED,37,3362
12278,5034BUES,38,3329
15455,5876BE-1*,169,4353
12389,1155BLK,37,3361
12392,1149BLK,37,3362
12391,1155RED,37,3361
12441,5447-36*,199,3376
13874,8230BRW-3,329,3674
14461,B1799F-1*,229,3895
15262,3612-31,179,4297
15666,1729-6,92,4394
14601,4964BK-NT,99,3927
15300,5566-29RD,42,4310
12126,5431S,45,3288
12872,1706-5,249,3486
14320,B2053W-R,52,3866
14511,1349-5,239,3904
12429,2516-48*,217,3372
12685,1978W-9,349,3461
15246,292BK-1CK*,479,4292
12689,1977F-1*,199,3462
12466,5302C-24,21,3384
12426,2515S,42,3371
14509,1349F-1*,199,3904
12076,1935-50*,1199,3271
15483,5874NV-1*,149,4360
14354,2039W-6,72,3876
12481,5448-78*,279,3388
15702,1715-6,72,4399
15507,5887-1*,169,4366
13172,1869-6,76,3528
12125,5431-77*,269,3288
15505,5887K-1CK*,219,4366
13893,8480BRW-AR,110,3679
12443,5447-24FAS,72,3376
12121,1915-40,239,3286
12470,5302BK-24,21,3385
12120,1915S,44,3286
12104,5470S,45,3281
12444,5447-40,315,3376
12428,2515-50,399,3371
12412,5447-40,315,3368
15508,5887F-1*,169,4366
12474,5302A-24,21,3386
14412,1386-9,225,3886
15506,5887K-1EK*,219,4366
12065,1947A,90,3269
15665,1729-5,349,4394
12874,1706-9,229,3486
15031,5099-15,179,4205
12956,1904K-1CK,179,3500
13939,8327GY-1S,155,3691
15885,8260DB-ARPW,150,4450
12485,5445-60*,105,3390
12506,1393BK-24,47,3397
12508,1393BK-48*,173,3398
15812,1718GYS,52,4430
12845,1711K-1EK*,319,3483
12504,1393BK-50,269,3396
12507,1393BK-50,269,3397
12510,1393BK-50,269,3398
12522,727-36,189,3403
15886,8260DB-CN,50,4450
12940,2220-1*,85,3498
13171,1869-5,225,3528
15887,8260DB-CR,145,4450
15888,8260DB-LRPW,185,4450
12482,5448S,54,3388
12163,5425-36,179,3297
15889,8260DB-RRPW,185,4450
14955,2147SG-12,119,4135
12496,626-36*,257,3394
15599,1708BK-5,229,4385
14748,3401W-04*,99,3988
12518,5235S,49,3401
15890,8255GY-2LCNPHD,364,4451
12533,586-76,209,3406
14966,1255F1S,80,4146
14943,H13441,55,4123
12945,2220-6,22,3498
15811,1718GY-90,239,4430
15600,1708BK-6,53,4385
15242,1916GY-9,249,4291
12524,727-40,269,3403
12498,626-40,289,3394
12487,3270-60,139,3391
15284,5424-4,169,4308
15250,292B-5,339,4292
12497,626-24,52,3394
14986,4605GY,92,4166
15308,5581S,45,4313
13229,1852-4,115,3539
12209,5149S,27,3310
12981,1737NGY-11,249,3502
15772,2529S,42,4412
12130,5415RFS,40,3289
15884,8260DB-AC,82,4450
12529,586,179,3405
12622,1990-9,209,3451
12584,4517,349,3419
12554,727-72,207,3412
15443,5877BR-1DW*,269,4350
15286,5424-6,62,4308
12627,2042-6,31,3452
12097,5460-36,73,3279
12625,2042-4,55,3452
13873,8230BRW-CR,170,3673
14318,B2053TFW-1*,209,3866
15287,5424-9,280,4308
12586,5511,269,3421
12617,1990K-1EK*,329,3451
12619,1990-4,109,3451
12626,2042-5,145,3452
12561,710-72*,207,3414
12620,1990-5,259,3451
12637,5873N-ST,55,3454
12618,1990-1*,249,3451
12597,5067,229,3432
14327,B2013SBDC-1*,349,3868
12833,1718GY-5,249,3481
12790,1916BK-9,249,3475
12559,710-24W,57,3413
15795,1131-29S,71,4424
12598,2558,209,3433
12555,727S,52,3412
15797,1133-29S,77,4425
13878,8230BLK-2RCN,289,3675
15226,1856NG-9,129,4289
12638,5872KN-1CK,209,3455
12621,1990-6,72,3451
15159,1730-5,199,4280
15311,5581A,65,4314
13818,8210GRY-3,319,3661
12224,5108-84,269,3316
15671,1745-4,79,4395
12127,5431-14,95,3288
15225,1856NG-6,32,4289
12612,1140E-24S,61,3447
12628,2042-9,129,3452
12006,5494A,110,3252
15312,5581S,45,4314
15213,1788-1*,349,4288
12616,1990K-1CK,329,3451
15169,1752K-1CK*,449,4282
15285,5424-5,289,4308
14149,9715PU-3,175,3751
15307,5581-54,269,4313
15385,5400-36XL*,299,4341
13328,1810-5,235,3551
13316,2147TBK-1*,119,3550
15578,1933K-1EK*,549,4383
15170,1752K-1EK*,449,4282
13975,8334BLK-2,329,3702
12704,1967KW-1EK*,219,3464
14574,1386-4,133,3914
14467,2147TBK-1*,119,3896
12656,5400K-1CK,359,3458
12680,1978KW-1EK*,499,3461
14332,2052FW-1,69,3869
12276,5070S,36,3328
14192,9700BRW-3,279,3767
15389,5400-50*,569,4341
12714,1961-5,172,3465
12676,2046-6,52,3460
12710,1961K-1CK,199,3465
12672,2046-1*,159,3460
12687,1977K-1EK*,279,3462
12210,5149-36*,61,3311
15266,3614-04,79,4299
15418,1719-6,43,4345
12696,1968K-1EK*,189,3463
12657,5400K-1EK*,359,3458
15212,1788K-1EK*,449,4288
12251,1808A,100,3322
15173,1752-5,289,4282
15767,5575S,45,4411
12671,2046K-1EK*,209,3460
15912,1218F1S-3,189,4458
13253,1834-5,269,3542
12722,1958-6,73,3466
13427,1737KNC-1CK,459,3565
13255,1834-9,229,3542
15913,1218F1S-2,169,4458
12693,1977-9,199,3462
15386,5400-24,45,4341
12695,1968K-1CK,189,3463
15914,1218F1S,119,4458
13654,8226DB-CR,115,3606
12703,1967KW-1CK,219,3464
12678,2046-15,149,3460
12688,1977-1*,199,3462
12713,1961-4,59,3465
12670,2046K-1CK,209,3460
15901,8289BU-2,179,4454
12679,1978KW-1CK,499,3461
12213,5147BKS,39,3312
12333,1188DB-24,30,3344
12636,5873N-BH,109,3454
12800,1909RF-9,269,3476
12793,1916BK-FBH,75,3475
15512,5880FDB-1,119,4367
12761,1947-9,259,3471
12786,1916FBK-1*,299,3475
12754,1949-9,170,3470
12734,1955K-1EK*,149,3468
12399,1147RED,27,3364
12539,586-24,30,3407
12658,5400-1*,279,3458
14226,8214BRW-1,119,3793
12749,1949K-1EK*,299,3470
12764,1946-1*,449,3472
12659,5400-4,109,3458
15465,5876KBR-1CKDW*,299,4356
14449,2147FSG-1*,129,3893
13659,8367TP-3,149,3608
12334,1188RD-24,30,3344
15434,5877KBE-1EKDW*,329,4348
12054,5267RF-50*,725,3266
12736,1955F-1*,109,3468
12056,5477NA,75,3267
15569,1757-9,300,4381
12292,5021DBS,50,3333
13988,8490-CR,198,3704
12732,1957-9,219,3467
12723,1958-9,249,3466
12766,1946-5,379,3472
12725,1958-14,49,3466
15923,8246GY-1,220,4461
12798,1909RF-5,329,3476
12765,1946-4,179,3472
15565,1757-1*,449,4381
12799,1909RF-6,63,3476
12759,1947-5,299,3471
12281,5034YLWS,38,3329
14410,1386-5,277,3886
12760,1947-6,82,3471
12783,1916KBK-1CK,389,3475
12767,1946-6,92,3472
12768,1946-9,339,3472
15566,1757-4,239,4381
12588,5447-24FAS,72,3423
14221,1194IN,99,3788
12788,1916BK-5,299,3475
12007,5494S,100,3252
11992,5504-78,219,3248
14411,1386-6,75,3886
15567,1757-5,399,4381
12816,1824K-1EK*,599,3479
15521,1761-1,99,4372
15189,1762-9,169,4284
15188,1762-6,32,4284
12838,1717-1*,319,3482
15547,1726-6,92,4378
15907,8250GY-2,179,4456
12803,1907W-1*,249,3477
12824,1723-1*,379,3480
15906,8250GY-3,199,4456
12832,1718GY-4,119,3481
12860,1707K-1CK,329,3485
12291,5021-54*,239,3333
12316,5052A,105,3340
12797,1909RF-4,119,3476
15433,5877KBE-1CKDW*,329,4348
15219,1856KNG-1EK*,169,4289
15673,1745-6,73,4395
12830,1718KGY-1EK*,379,3481
12290,3276S-CR,39,3332
15548,1726-9,249,4378
12878,1704-1*,499,3487
12859,1708-9,199,3484
12828,1723-9,279,3480
12879,1704-4,199,3487
12809,1866KGY-1EK*,499,3478
12805,1907W-5,329,3477
12823,1723K-1EK*,479,3480
12814,1866GY-9,370,3478
12802,1907KW-1EK*,349,3477
12842,1717-9,350,3482
12804,1907W-4,109,3477
12841,1717-6,92,3482
12812,1866GY-5,488,3478
12326,2243-50*,929,3342
12882,1704-9,399,3487
12847,1711F-1*,249,3483
12957,1904K-1EK*,179,3500
12855,1708F-1*,169,3484
12852,1708K-1CK,219,3484
15431,5877BE-1*,199,4347
15636,1394-6,113,4390
12807,1907W-9,299,3477
12844,1711K-1CK,319,3483
12881,1704-6,122,3487
15540,MT-G08F,139,4377
15908,8250GY-1,119,4456
12813,1866GY-6,127,3478
15187,1762-5,179,4284
12883,1704-11,349,3487
12876,1704K-1CK,599,3487
12467,5302C-29,22,3384
12808,1866KGY-1CK,499,3478
12822,1723K-1CK,479,3480
12904,5797N-1*,149,3491
15924,8246CR-3,299,4462
13126,1916-9,249,3521
14303,B2043TF-1*,209,3863
12917,1882KN-1EK*,219,3494
14973,2147W-12,119,4153
14000,8318-RRPW,269,3705
12922,1885KN-1EK*,199,3495
15167,1730GY-6,52,4281
13860,8490FBR-RR,168,3670
12322,2243-55,419,3341
15925,8246CR-2,279,4462
12912,1883KN-1EK*,249,3493
12924,1885FN-1*,149,3495
12877,1704K-1EK*,599,3487
12862,1707-1*,249,3485
12914,1883N-1*,109,3493
12919,1882N-1*,89,3494
15759,5569S,39,4409
14517,1356BK-5,195,3905
15793,5573,159,4423
15926,8246CR-1,220,4462
12902,5797KN-1CK,199,3491
14128,9636-3,335,3744
12920,1882FN-1*,169,3494
14595,4966DG*,199,3921
14974,2147-12,119,4154
15598,1708BK-4,99,4385
12733,1955K-1CK,149,3468
15770,2528-13,59,4412
15530,MT-G10F,179,4375
12915,1883FN-1*,199,3493
12406,2456-24,38,3366
15846,5562-40,399,4438
12930,1856K-1EK*,145,3497
15595,1708BK-1*,169,4385
14613,5794TAK-1,57,3939
15534,MT-G10ET,139,4375
14329,B2013DC-T,37,3868
15601,1708BK-9,199,4385
12932,1856F-1*,105,3497
13660,8367TP-5,149,3608
15664,1729-4,159,4394
12382,1178WHT,51,3358
12933,1856T-1*,95,3497
13384,2159K-1CK,499,3560
12009,5494-106*,379,3253
12835,1718GY-9,200,3481
12825,1723-4,159,3480
12727,1957K-1EK*,329,3467
15139,1600K-1CK*,399,4277
12973,1915-10,189,3501
15761,5514-72*,209,4410
12982,1908K-1CK,189,3503
12385,1157RED,41,3359
14096,8405BJ-1,195,3733
15272,4975*,159,4302
13033,1927-6,63,3509
13022,1907K-1EK*,349,3508
15794,1131-24S,67,4424
13024,1907-4,109,3508
12950,1936F-1*,119,3499
13027,1907-9,299,3508
13003,1844DC-6,73,3505
13023,1907-1*,249,3508
13029,1927K-1EK*,399,3509
15841,1715-50*,499,4437
13025,1907-5,329,3508
15838,1715-55,389,4436
13649,9789BRG-4,59,3604
12975,1737KNGY-1EK*,459,3502
13043,1911K-1EK*,369,3511
12966,1915K-1EK*,279,3501
15141,1600-1*,299,4277
12968,1915F-1*,219,3501
12442,5447-24S,72,3376
12999,1844DC-1*,299,3505
13026,1907-6,63,3508
12826,1723-5,399,3480
13001,1844DC-4,99,3505
13004,1844DC-9,209,3505
13002,1844DC-5,249,3505
15140,1600K-1EK*,399,4277
12050,5328-40,299,3265
12317,5052S,99,3340
15142,1600-4,119,4277
15849,5562-40,399,4439
12386,1156BLK,37,3360
12988,1908-9,140,3503
13930,8327TL-1,135,3689
12143,5428-S2,65,3292
15842,1715-55,389,4437
15143,1600-5,349,4277
15694,1728-5,339,4398
13900,8308-CR,270,3680
13894,8480BRW-CR,190,3679
13074,1935-4,259,3515
12707,1967W-5,169,3464
13079,1912K-1EK*,599,3516
15837,1715-50*,499,4436
13086,1918K-1EK*,469,3517
14201,9909CH-3*,179,3770
13072,1935PNK-1EK*,599,3515
13087,1918-1*,399,3517
13044,1911-1*,279,3511
13073,1935PN-1*,499,3515
13080,1912-1*,499,3516
12379,2524-36*,179,3357
14007,8480BRW-2,359,3707
13104,1928K-1EK*,299,3519
12217,5123-96*,367,3314
14299,B2043-T,37,3862
12708,1967W-6,72,3464
15260,3608SV-01XL,129,4296
13284,1811W-5,289,3546
12425,2515-96,271,3371
12332,1188BK-24,30,3344
15261,3608SV-04,79,4296
13081,1912-4,199,3516
13075,1935-5,579,3515
13085,1918K-1CK,469,3517
13028,1927K-1CK,399,3509
13089,1918-5,399,3517
13833,8206BRW-3,339,3666
13077,1935-9,479,3515
14126,9668BLK-2,339,3743
13078,1912K-1CK,599,3516
13090,1918-6,103,3517
13091,1918-9,329,3517
15840,1715-24,55,4437
13082,1912-5,499,3516
15798,1144E-24S,61,4426
13084,1912-9,359,3516
15321,5603-36,127,4318
13092,1918-11,309,3517
13076,1935-6,132,3515
12304,2615DC-96*,299,3338
13175,5789KN-1CK,215,3529
15208,1769-5,189,4287
12445,3217PU*,115,3377
13160,2168KWW-1EK*,719,3527
13132,1845LED-1*,369,3522
15355,8229-ARPW,169,4332
13119,1916K-1CK,389,3521
13989,8490-LC,218,3704
14476,2147W-4,59,3897
14338,2050F-1,89,3872
15162,1730KGY-1CK*,209,4281
12410,5447-24S,72,3368
13180,5789KBK-1EK*,205,3530
14605,4961DB-NT,179,3931
13128,1916-14,34,3521
12471,5302BK-29,22,3385
13668,8378GRY-L,149,3613
15799,1144E-29S,67,4426
13182,5789FBK-1*,155,3530
13658,8367CH-4,50,3607
13177,5789N-1*,165,3529
15277,5165GY-48,89,4306
14495,2147-6,26,3901
12719,1958-1*,299,3466
14573,1386T-1*,175,3914
13158,2615DC-11,289,3526
13122,1916F-1*,299,3521
13149,1831KP-1,165,3525
15278,5165GYS,35,4306
15224,1856NG-5,159,4289
12667,2259GY-5,299,3459
14493,2147-4,49,3901
13147,2024-1HB,56,3524
13183,1896KN-1CK,165,3531
13674,8378BRW-L,149,3615
12701,1968-6,32,3463
14439,1936-5,149,3891
12427,2515-13,92,3371
12633,5873KN-1CK,249,3454
14470,2147BK-5,139,3896
13145,2147SG-9,125,3523
13308,2147W-5,139,3549
12107,5285S,35,3282
14331,B2013DC-9,109,3868
15207,1769-4,79,4287
13136,1845-9,275,3522
12468,5302BK,125,3385
13146,2147SG-12,119,3523
12607,5447-24S,72,3442
13986,8490-AR,135,3704
12338,2588S,63,3346
14451,2147SG-5,139,3893
15145,1600-9,259,4277
12705,1967W-1*,149,3464
15144,1600-6,73,4277
14591,4970*,229,3917
13251,1834-1*,399,3542
13657,8367CH-5,149,3607
13208,1867-6,152,3536
14230,8205BR-1,85,3797
12916,1882KN-1CK,219,3494
13235,1845K-1EK*,379,3540
13200,1881KPU-1EK*,129,3535
13199,1881KPU-1CK,129,3535
12692,1977-6,52,3462
15229,1904GY-1*,119,4290
13227,1852K-1EK*,279,3539
13215,1866-5,469,3537
12472,5302A,125,3386
13250,1834K-1EK*,499,3542
13202,1881FPU-1*,89,3535
12469,5302BK-18,20,3385
13240,1845-9,275,3540
13207,1867-5,579,3536
12983,1908K-1EK*,189,3503
14501,B2013FFDC-1*,265,3903
13217,1866-9,359,3537
13211,1866K-1CK,499,3537
13218,1866-11,299,3537
14610,4950*,159,3936
13231,1852-6,50,3539
12948,1936K-1EK*,179,3499
13204,1867K-1EK*,599,3536
13219,1855K-1CK,185,3538
13205,1867-1*,499,3536
13106,1928-4,99,3519
15345,B2013DC-1*,179,4327
13203,1867K-1CK,599,3536
13891,8480BRW-2LCN,269,3679
12440,2447WS,33,3375
12700,1968-5,159,3463
14031,8326BLK-3,369,3713
15234,1904GY-6,36,4290
12532,586-40,249,3405
13225,1855-9,125,3538
13209,1867-9,499,3536
13232,1852-9,235,3539
13233,1852-11,185,3539
13264,1828K-1CK,509,3544
15691,1728K-1EK*,319,4398
15163,1730KGY-1EK*,208,4281
13266,1828-1*,409,3544
13226,1852K-1CK,279,3539
13286,1811W-9,236,3546
13265,1828K-1EK*,509,3544
13282,1811FW-1*,185,3546
13212,1866K-1EK*,499,3537
13717,8235GY-2,179,3629
13304,2147W-1*,129,3549
14479,2147W-9,125,3897
13326,1810T-1*,175,3551
13306,2147TW-1*,119,3549
13758,8245GY-2,189,3642
13312,2147KBK-1CK,185,3550
15693,1728-4,119,4398
13321,2147BK-12,119,3550
14735,3228-12,135,3983
14268,8437-1LT,255,3835
13752,8245BR-3SL,329,3641
13271,1828-9,359,3544
15692,1728-1*,239,4398
15695,1728-6,52,4398
13309,2147W-6,33,3549
14813,3580-31,119,4012
13267,1828-4,185,3544
13216,1866-6,127,3537
15690,1728K-1CK*,319,4398
13269,1828-6,117,3544
13553,1422-4,93,3582
12461,2434S,27,3382
13270,1828-6LN,117,3544
12986,1908-5,179,3503
13555,1422-6,56,3582
12010,5494A,110,3253
13285,1811W-6,64,3546
13322,1810K-1CK,285,3551
13283,1811W-4,101,3546
13349,2243SLK-1CK,565,3555
12252,1808S,85,3322
12527,586-14,70,3404
13373,2169-6,117,3558
13351,2243SL-1*,465,3555
13403,2146-1*,99,3562
13236,1845-1*,299,3540
13369,2169SLK-1EK*,749,3558
12174,2615DCA,70,3300
12952,1936-4,59,3499
13370,2169SL-1*,649,3558
13375,2169-11,359,3558
12721,1958-5,279,3466
15891,8255GY-2RCNPHD,364,4451
13405,2146-5,170,3562
12323,2243-114*,433,3342
13406,2146-6,38,3562
15791,5578-32,119,4421
15322,5603-24,28,4318
12896,1714BK-6,52,3489
14598,4949BK*,139,3924
12509,1393BKS,45,3398
13356,2243-11,329,3555
13391,2159-9,289,3560
12253,1808-50*,899,3322
12183,5473-50*,649,3301
13362,2243-6,115,3556
13738,8244BU-2,195,3636
13672,8378BLK-R,149,3614
15318,5602-36,199,4317
13150,1831P-1,125,3525
13222,1855-4,60,3538
13357,2243K-1CK,565,3556
13374,2169-9,369,3558
13407,2146-9,129,3562
12503,1393BKS,45,3396
12298,2617N-36,267,3336
15651,1744-5,279,4392
12398,1147BLK,27,3364
12117,5466S,40,3285
13429,1737NC-1*,359,3565
15429,5877KBE-1CK*,239,4347
13456,2124-6,85,3568
14673,3256RF-30,149,3963
12550,1372-40,309,3410
13974,8334BLK-3,329,3702
12164,5425-24,55,3297
13434,1737NC-11,249,3565
15349,B2013DC-9,109,4327
15618,1706LED-1*,229,4388
13428,1737KNC-1EK*,459,3565
13350,2243SLK-1EK*,565,3555
12552,1372-24,52,3411
13452,2124K-1EK*,389,3568
15202,1768-6,62,4286
15892,8255GY-CR,170,4451
13835,8206BRW-1,209,3666
13433,1737NC-9,259,3565
13432,1737NC-6,76,3565
15201,1768-5,249,4286
13731,8244SD-3,215,3634
12118,5466-13,65,3285
12819,1824-5,399,3479
15214,1788-4,109,4288
14785,5556-04,129,4001
13453,2124-1*,299,3568
15232,1904GY-4,69,4290
13320,2147BK-9,125,3550
14516,1356BK-4,72,3905
15199,1768-1*,199,4286
13430,1737NC-4,136,3565
15568,1757-6,112,4381
14446,1904-6,36,3892
15388,5400-24BH,75,4341
12367,2538-13,52,3353
12483,5327-48,117,3389
12488,3270-S1W,45,3391
15150,1711F-1*,249,4279
15151,1711NC-4,99,4279
15152,1711NC-5,239,4279
15153,1711NC-6,42,4279
15154,1711NC-9,220,4279
15190,1766K-1CK*,279,4285
12949,1936-1*,119,3499
12639,5872KN-1EK*,209,3455
13530,1356KBK-1CK*,245,3580
12553,1372-40,309,3411
13178,5789FN-1*,165,3529
13532,1356BK-1*,169,3580
12566,710S,52,3415
13486,1737KW-1EK*,459,3572
13520,5790K-1EK*,129,3577
13535,1356BK-4,72,3580
13512,1733K-1CK,235,3576
13491,1737W-9,259,3572
15203,1768-9,220,4286
12753,1949-6,62,3470
11948,5532-36*,69,3234
15200,1768-4,119,4286
14323,B2053W-9,109,3866
13537,1356BK-6,57,3580
13523,5790-4,55,3577
12563,710S,52,3414
15544,1726-1*,379,4378
13416,2147-9,100,3563
15430,5877KBE-1EK*,239,4347
15605,1721-4,129,4386
15191,1766K-1EK*,279,4285
14497,2147-12,119,3901
12270,5038-48,47,3326
15156,1730K-1EK*,209,4280
15027,5415RFS,45,4203
13556,1422-9,209,3582
13518,1733-9,195,3576
12521,586-40,249,3402
13557,1349K-1CK,285,3583
15204,1769K-1CK*,319,4287
14491,2147T-1*,99,3901
13567,1385K-1EK*,379,3584
15564,1757K-1EK*,549,4381
12407,2466-48*,217,3367
13966,8329BRW-2,219,3699
15315,5592,119,4315
14435,2145-9,100,3890
13844,8212-RR,160,3668
12593,5106BK,69,3428
13536,1356BK-5,195,3580
12937,1856-9,110,3497
15134,5512-31,119,4007
15029,5099-16,135,4204
12463,2423-24,36,3383
15211,1788K-1CK*,449,4288
13574,1385-9,275,3584
13839,8212-AC,99,3668
12177,2615RFS-NN,65,3300
13840,8212-AR,119,3668
14409,1386-4,133,3886
12608,2425-36,209,3443
13566,1385K-1CK,379,3584
14294,B2043PR-1*,199,3861
13127,1916-15*,365,3521
13707,8203RD-2,169,3625
14373,1955T-1*,99,3880
14507,B2013DC-9,109,3903
13670,8378GRY-4,59,3613
15415,1719-1*,199,4345
14223,1267GY,139,3790
13667,8202GRY-2,119,3612
12662,5400-9,219,3458
14469,2147BK-4,59,3896
14048,9734DB-1,145,3718
12193,5179-13,89,3304
13665,8202GRY-SC,299,3611
14992,4727PU,155,4172
13662,8202CH*SC,299,3609
13683,8224TN-1,120,3617
13666,8202GRY*SC,139,3612
13686,8224DG-1,120,3618
15215,1788-5,239,4288
12661,5400-6,52,3458
13684,8224DG-3,199,3618
12660,5400-5,259,3458
13706,8203RD-3,189,3625
13682,8224TN-2,179,3617
14504,B2013DC-R,52,3903
13676,8378BRW-4,59,3615
14210,1279F2S,109,3777
14457,B1799-R,129,3894
12715,1961-6,29,3465
13691,8204-1,139,3620
13675,8378BRW-R,149,3615
12709,1967W-9,130,3464
13685,8224DG-2,179,3618
12197,5178GYS,36,3305
13702,8225-4,59,3623
15020,458B-PU,105,4200
13711,8235SS-3,199,3627
12269,2601-24,20,3325
12711,1961K-1EK*,199,3465
13727,8327BLK-R,138,3632
14080,8413GY-2,195,3729
11976,5516BKS,37,3242
12976,1737NGY-1*,359,3502
12350,2546-50*,599,3350
13751,8207-1,159,3640
12731,1957-6,53,3467
13730,8327BLK-1,135,3633
15197,1768K-1CK*,279,4286
12664,2259KGY-1EK*,499,3459
13735,8244RN-2,195,3635
15198,1768K-1EK*,279,4286
12865,1707-6,53,3485
12187,5251S,83,3303
13198,1890FN-1*,99,3534
14593,4968BK-NT,159,3919
15897,8289GY-3,199,4453
12156,5400-13,79,3295
14081,8413GY-1,135,3729
13733,8244SD-1,139,3634
12216,5145W-40,299,3313
15905,8250RN-1,119,4455
15174,1752-6,52,4282
12000,5544-40,279,3250
12256,710S,52,3323
13797,8200BRW-3PW,599,3655
13813,8355-2PW*,550,3659
13820,8210GRY-1,189,3661
12017,5491-48*,133,3256
12795,1909RFK-1EK*,279,3476
12751,1949-4,89,3470
13796,8200BRW-1,299,3654
13814,8355-1PW,389,3659
13812,8355-3PW*,679,3659
13831,8206NF-2,339,3665
12681,1978W-1*,399,3461
12698,1968F-1*,139,3463
12642,5438K-1EK*,399,3456
12851,1711-9,220,3483
15922,8246GY-2,279,4461
15898,8289GY-2,179,4453
13825,8201BRW-2,299,3663
15921,8246GY-3,299,4461
13824,8201BRW-3,299,3663
12839,1717-4,139,3482
15895,8225NGY-1,139,4452
12683,1978W-5,389,3461
13829,8201BLK-1,189,3664
12523,727-24,55,3403
12840,1717-5,399,3482
15899,8289GY-1,129,4453
13799,8200BRW-1PW,349,3655
13823,8334DBR-1,215,3662
12850,1711-6,42,3483
12752,1949-5,209,3470
13808,8223DB-1PW,349,3657
12654,5415RF-9,249,3457
13817,8329CH-1,149,3660
11979,5516WTS,37,3242
12853,1708K-1EK*,219,3484
13913,8303-AC,99,3684
12073,1935-110*,599,3271
13904,8318-2CNPW*,659,3681
13896,8308-5R,269,3680
12140,5428-40,339,3291
13882,8230BLK-1,199,3676
13897,8308-AC,115,3680
13895,8308-5L,269,3680
12684,1978W-6,112,3461
11947,5538BKS,13,3233
13875,8230BRW-2,329,3674
13876,8230BRW-1,199,3674
15137,1297BU-1,115,4275
12923,1885N-1*,149,3495
12074,1935A,135,3271
12099,586GY-82,197,3280
12086,5423S,45,3274
12085,5423-66,119,3274
12098,5460-24,29,3279
12934,1856-4,50,3497
12794,1909RFK-1CK,279,3476
12059,1958-96,299,3268
15782,5606-45RD,131,4417
12075,1935S,125,3271
12888,1714W-5,249,3488
11978,5516TLS,37,3242
15783,5606S,42,4417
13889,8480GRY-AR,110,3678
12057,5477NS,69,3267
12103,5470-72,199,3281
12890,1714W-9,200,3488
12954,1936-6,32,3499
13885,8480RED-AR,110,3677
12312,5055A,63,3339
13958,8469-5,259,3696
13957,8469-1,259,3696
13963,19359-2,699,3698
15233,1904GY-5,151,4290
13826,8201BRW-1,189,3663
13962,19359-3,719,3698
13980,8336-CR,198,3703
13000,1844FDC-1*,299,3505
13987,8490-CN,63,3704
13970,8329BLK-1,149,3700
13906,9789CF-3LC,195,3682
14004,8480BRW-3PW,479,3707
13977,8336-AC,115,3703
12227,5100-84*,329,3317
14099,8403-2,244,3734
15902,8289BU-1,129,4454
13968,8329BLK-3,239,3700
12961,1904-4,69,3500
15792,5572,159,4422
13928,8327TL-3,215,3689
12308,2615RFS-NN,65,3338
13109,1928-9,199,3519
14098,8403-3,265,3734
12307,2615RFA-NN,70,3338
12929,1856K-1CK,145,3497
12310,2615DC-40,349,3338
13964,19359-1,599,3698
13983,8336-RC,218,3703
13982,8336-LR,168,3703
13931,8327TL-1S,155,3689
13997,8318-CN,120,3705
12967,1915-1*,219,3501
12959,1904F-1*,119,3500
13066,1919-1*,599,3514
12997,1844KDC-1CK,399,3505
12166,5425-90,199,3298
14014,8480RED-1PW,295,3708
14051,9734BK-1,145,3719
12395,1148BLK,30,3363
14012,8480RED-2PW,459,3708
14030,8325BRW-1,229,3712
13213,1866-1*,399,3537
12300,5056-78,207,3337
13108,1928-6,62,3519
14110,8511BK-2,185,3738
14087,8412-1,465,3731
12405,2456-40,199,3366
12792,1916BK-14,34,3475
14042,8300-1PW,379,3716
14033,8326BLK-1,249,3713
13827,8201BLK-3,299,3664
13042,1911K-1CK,369,3511
14036,8326BRW-1,249,3714
12313,5055S,56,3339
13103,1928K-1CK,299,3519
13228,1852-1*,199,3539
13315,2147FBK-1*,129,3550
14069,8579DB-1,145,3725
14304,B2043-1*,179,3863
13065,1919K-1EK*,699,3514
12432,2477-78,165,3373
12434,2477-13,52,3373
12400,1147WHT,27,3364
14076,8413TL-3,215,3728
13070,1919-9,449,3514
12302,5056S,47,3337
14134,8524BK-3,359,3746
14183,9739-L,234,3764
14168,9724BRW-3,329,3757
14184,9739-R,235,3764
13224,1855-6,33,3538
13069,1919-6,142,3514
13068,1919-5,599,3514
13237,1845-4,125,3540
12946,2220-9,89,3498
14103,8518-3,175,3736
14079,8413GY-3,215,3729
13046,1911-5,339,3511
13045,1911-4,149,3511
14088,8411-2L,214,3732
14102,1234-4,145,3735
14135,8524BK-1,225,3746
14078,8413TL-1,135,3728
12528,586-40,249,3404
13184,1896KN-1EK*,165,3531
13314,2147BK-1*,129,3550
15295,5566-24BR,39,4310
13411,2147T-1*,99,3563
13138,2147KSG-1EK*,185,3523
13386,2159-1*,399,3560
14220,1194TP,99,3787
14209,1279F3S,109,3776
13179,5789KBK-1CK,205,3530
12941,2220F-1*,85,3498
12517,5235-54*,199,3401
14206,4501-F2,85,3773
12433,2477S,36,3373
14427,2220-5,103,3889
14204,1200BRW,149,3771
14273,8412-1,465,3840
14077,8413TL-2,195,3728
13318,2147BK-5,139,3550
14188,9734CH-1,145,3765
12490,3270-36,139,3392
14203,9909CH-4,50,3770
14170,9724BRW-1,205,3757
14148,9739CH-4,145,3750
12438,2456-40,199,3374
14200,9909BR-4,50,3769
13223,1855-5,152,3538
14176,9723-1,235,3759
13319,2147BK-6,33,3550
14167,9700FCP-1,179,3720
13155,2615DC-5,345,3526
14246,1193F5S,133,3813
14236,8228TP*,419,3803
13201,1881PU-1*,89,3535
15241,1916GY-6,113,4291
13359,2243-1*,465,3556
14237,8228BU*,419,3804
14257,8327TL-1S,155,3824
14272,4829LN*,169,3839
12537,586-40,249,3406
14275,1191F5S,71,3842
13697,8216DG-2,179,3622
13522,5790F-1*,79,3577
12886,1714W-1*,279,3488
12519,586-60,229,3402
14287,8545-1LT,255,3854
12935,1856-5,129,3497
12889,1714W-6,52,3488
14249,1270F2S,129,3816
14284,1193F2S,133,3851
12491,3270-24S1W,49,3392
13311,2147W-12,119,3549
14667,5466-30,85,3960
14243,1193F6S,133,3810
14271,8401-3SC,225,3838
14254,1266F1S,179,3821
15239,1916GY-4,139,4291
14281,1212F1S,133,3848
13234,1845K-1CK,379,3540
12606,2459,289,3441
14277,1191F4S,71,3844
14244,1193F7S,133,3811
14280,468F25S,89,3847
14575,1386-5,277,3914
12632,2867F-1,179,3453
12691,1977-5,239,3462
14310,B2053W-4,59,3864
15417,1719-5,189,4345
14357,2042-4,55,3877
14322,B2053W-4,59,3866
14005,8480BRW-3,379,3707
13678,8219-2,139,3616
14360,2042-9,129,3877
14333,2052TW-1,49,3869
14361,2046T-1*,139,3878
14368,1977-4,109,3879
14367,1977T-1*,179,3879
13392,2159-11,289,3560
14291,8548BLK-1,185,3858
12635,5873N-1*,199,3454
13554,1422-5,245,3582
15416,1719-4,89,4345
13656,8367CH-3,149,3607
12936,1856-6,25,3497
12211,5149-24,29,3311
13696,8216DG-3,199,3622
14292,8548BRW-1,185,3859
14359,2042-6,31,3877
14364,2046-6,52,3878
14276,1191F2S,67,3843
14171,9724BLK-3,329,3758
12634,5873KN-1EK*,249,3454
12630,2867K-1EK,219,3453
13281,1811W-1*,185,3546
12631,2867-1,179,3453
12565,710-54*,207,3415
13680,8219-30*,70,3616
14132,8524RD-2,359,3745
14342,2047FBK-1,69,3874
14334,2051FBK-1,69,3870
14340,2048FW-1,69,3873
15350,1292-1,119,4328
14239,8219-30*,70,3806
13664,8202CH-2,119,3610
14335,2051TBK-1,49,3870
12176,2615RFA-NN,70,3300
15228,1904KGY-1EK*,179,4290
14341,2048TW-1,49,3873
14339,2050T-1,69,3872
13368,2169SLK-1CK,749,3558
14414,1386-10*,153,3887
13457,2124-9,225,3568
12675,2046-5,179,3460
14315,B2053W-4,59,3865
12677,2046-9,179,3460
14377,1955-9,130,3880
14371,1977-9,199,3879
12739,1955-6,32,3468
14382,1708-9,199,3881
14372,1977-7,369,3879
14378,1708T-1*,149,3881
12314,5055-50*,569,3339
12663,2259KGY-1CK,499,3459
13358,2243K-1EK*,565,3556
12735,1955-1*,109,3468
13419,2145K-1EK*,149,3564
12045,5328-45RD*,199,3264
13454,2124-4,112,3568
13705,8203GY-1,129,3624
12858,1708-6,53,3484
15904,8250RN-2,179,4455
12815,1824K-1CK,599,3479
12396,1148WHT,30,3363
14408,1386PP-R,123,3886
14422,1856-6,25,3888
14419,1856F-1*,105,3888
14437,1936F-1*,119,3891
12818,1824-4,179,3479
13410,2147-1*,109,3563
13703,8203GY-3,189,3624
15526,815TN-1,69,4374
15537,MT-G12EK,319,4376
12175,2615DCS,65,3300
14370,1977-6,52,3879
14374,1955-4,59,3880
13330,1810-9,205,3551
14366,2046-15,149,3878
14415,1386-11,334,3887
14413,1386D-1,225,3887
14417,1386-7,288,3887
12857,1708-5,229,3484
14421,1856-5,129,3888
15525,815TN-1,69,4373
14442,1904T-1*,99,3892
15439,5877BR-1*,199,4349
15216,1788-6,53,4288
15916,1218RN-2,169,4459
14444,1904-4,69,3892
14514,1356TBK-1*,159,3905
12856,1708-4,99,3484
14513,1349-9,185,3904
15528,815KN-1,109,4374
13355,2243-9,329,3555
14515,1356FBK-1*,169,3905
14599,4950GY*,169,3925
12837,1717K-1EK*,419,3482
14481,1810T-1*,175,3898
12918,1882N-1*,169,3494
14478,2147W-6,33,3897
12368,2529-64,195,3354
13408,2147K-1CK,165,3563
13734,8244RN-3,215,3635
13169,1869-1*,279,3528
14482,1810F-1*,205,3898
13888,8480GRY-2R,229,3678
14499,815TPU-1,69,3902
13135,1845LED-6,116,3522
13992,8490-RR,168,3704
14508,1349T-1*,179,3904
15910,1218TL-2,169,4457
14455,B1799F*,468,3894
14486,1810-9,205,3898
15911,1218TL-1,119,4457
15909,1218TL-3,189,4457
13363,2243-9,329,3556
14464,B1799-5,269,3895
14473,2147BK-12,119,3896
13487,1737W-1*,359,3572
14571,1386-1*,299,3914
15917,1218RN-1,119,4459
12892,1714KBK-1EK*,379,3489
12951,1936T-1*,109,3499
13552,1422-1*,205,3582
15192,1766-1*,199,4285
14592,4969GY*,149,3918
15919,1218DG-2,169,4460
14438,1936-4,59,3891
12897,1714BK-9,200,3489
14720,3508-04,62,3978
12651,5415RF-4,129,3457
14602,2026TPU-1HB,50,3928
14798,3299-01,189,4005
13538,1356BK-9,170,3580
13488,1737W-4,136,3572
13699,8225-3,215,3623
15533,MT-G10CK,269,4375
12669,2259GY-9,250,3459
13700,8225-2,195,3623
15235,1904GY-9,124,4290
15918,1218DG-3,189,4460
15915,1218RN-3,189,4459
12970,1915-5,299,3501
14578,1386-12,225,3914
13650,8226GY-AC,95,3605
14630,2952-30,79,3946
15193,1766-4,119,4285
13573,1385-7*,569,3584
11942,5546-50*,549,3231
14629,3593-04*,89,3945
14628,3593-01*,109,3945
14656,1935-04,175,3955
14663,3551-05,139,3958
14603,2025T-1HB,50,3929
13698,8216DG-1,119,3622
14607,4829LN*,169,3933
13521,5790-1*,79,3577
13568,1385-1*,289,3584
14619,5400-04,65,3942
14606,4960DB-NT,139,3932
13653,8226DB-AC,95,3606
14668,5466-04,75,3960
12046,5328S,55,3264
15172,1752-4,109,4282
14650,8079-04,69,3953
13572,1385-6,84,3584
15771,2544S,33,4412
13571,1385-5,329,3584
15171,1752-1*,349,4282
14620,5400-05,85,3942
14718,17807*,67,3977
14678,3257RF-02,65,3964
14715,3224N-17,199,3976
13681,8224TN-3,199,3617
14717,17809*,91,3977
12214,5145W-78,257,3313
14705,3224N-16,155,3973
13651,8226GY-CR,115,3605
14426,2220-4,39,3889
14688,8412-04,229,3968
14683,3588-04,55,3966
13736,8244RN-1,139,3635
12108,5285-13,55,3282
14691,5177-05,155,3969
14494,2147-5,115,3901
13690,8204-3,219,3620
14713,3224N-05,149,3976
14681,3533-05,169,3965
12049,5328S,55,3265
14166,9700FCP-2,259,3720
12116,5466-62,189,3285
14190,9700BLK-2,259,3766
13677,8219-3,160,3616
14675,3256RF-02,49,3963
14723,3447-04,59,3979
14313,B2053W-R,52,3865
14706,3224N-17,199,3973
14021,8480GRY-1,245,3709
14202,9909CH-5,179,3770
14734,3228-05,155,3983
14689,5177-30,155,3969
14677,3257RF-04,79,3964
14697,3526-05,239,3971
12088,5469S,22,3275
14690,5177-04,125,3969
14071,8427-2,399,3726
14672,3581-04,125,3962
14068,8579DB-2,185,3725
14809,3605-31,55,4008
14767,710-04*,109,3995
14771,5554-05,189,3996
14768,710-05*,135,3995
12348,2546A,61,3350
14741,5560-30,235,3986
14013,8480RED-2,359,3708
14781,1288-301,154,4000
14766,710-30*,135,3995
14189,9700BLK-3,279,3766
13414,2147-5,115,3563
14810,3604-31,55,4009
13713,8235SS-1,119,3627
14902,1193F6S,133,4082
13426,2145-9,100,3564
13778,8234TT-5,179,3648
12866,1707-9,259,3485
13739,8244BU-1,139,3636
14742,5560-04,169,3986
13133,1845-4,125,3522
14072,8427-1,269,3726
14762,5543-05,229,3993
14759,5553-05,149,3992
11977,5516BMS,37,3242
14758,5553-04,109,3992
14010,8480RED-3PW,479,3708
14761,5543-04,175,3993
13856,8490FBR-CR,198,3670
11946,5538BK*,37,3233
14783,1288-307,154,4000
14782,1288-305,123,4000
15210,1769-9,180,4287
14845,4738PU,82,4044
12225,5108S,57,3316
14824,4741FA,82,4023
13421,2145F-1*,99,3564
12149,5438-96*,299,3294
14863,1234-4,145,4055
13846,8238-AR,120,3669
13714,8235GY-L,133,3628
13718,8235GY-1,119,3629
14070,8427-3,419,3726
12151,5438-14A,159,3294
14857,4508-SH,35,4052
14856,4508-PH,39,4052
14092,8411-CR,165,3732
14125,9668BLK-3,339,3743
14885,4502FA,145,4065
13759,8245GY-1,139,3642
14882,4507-F2,75,4062
13830,8206NF-3,339,3665
14833,3224N-17,199,4032
14887,4501-F1,85,4067
14842,468CP,129,4041
14891,5873N-ST,55,4071
14849,4728ES,45,4048
14884,4506PU,109,4064
14892,5873N-BH,109,4072
14136,8524BK-2,359,3746
13716,8235GY-3,199,3629
14105,8518-1,95,3736
14937,H11765*,199,4117
14942,H11296,69,4122
14927,4611PU,75,4107
11949,5532-24,25,3234
13131,1845LED-1EK,469,3522
14946,H10130,65,4126
14945,H11761,69,4125
14130,9636-1,205,3744
14906,1193F3S,129,4086
12549,1372S,47,3410
12538,586-36,159,3407
14933,H11762,79,4113
14100,8403-1,165,3734
14898,1192BE,89,4078
14903,1193F7S,133,4083
14085,8412-3,665,3731
12016,5489-24,30,3255
14913,1266F1S,179,4093
14949,H10081,99,4129
12699,1968-4,69,3463
13857,8490FBR-LC,218,3670
14948,H10128,65,4128
14905,1193F5S,133,4085
11996,5503S,40,3249
14940,H11302,65,4120
14972,2147BK-12,119,4152
14191,9700BLK-1,179,3766
11987,5510S,39,3246
13806,8223DB-3PW*,649,3657
12142,5428-S1,60,3292
12145,5428-40,339,3292
13810,8223BK-2PW*,539,3658
12129,5415RF-78*,219,3289
13809,8223BK-3PW*,649,3658
15028,5099-22,195,4204
15042,2601-15,69,4210
14433,2145-5,119,3890
15047,3224N-17,199,4215
12702,1968-9,139,3463
14994,1191F6S,71,4174
15030,5099-17,199,4204
14432,2145-4,49,3890
15035,3224N-16,155,4206
12087,5469-60,71,3275
15021,459B-PU,159,4201
13142,2147SG-4,59,3523
15022,471PU,79,4202
13413,2147-4,49,3563
14995,1191F5S,71,4175
15014,4728ES,45,4194
15033,5099-17,199,4205
15017,470PU,169,4197
15000,468F25S,89,4180
12131,5415RF-13,89,3289
12144,5428-S3,75,3292
15007,4738PU,82,4187
13167,1869K-1CK,369,3528
15036,3224N-17,199,4206
15040,4519-15,169,4208
15004,1193F2S,133,4184
14996,1191F2S,67,4176
14997,1191F4S,71,4177
12984,1908-1*,129,3503
13901,8308-LCPW,249,3680
13978,8336-AR,135,3703
12062,1958-50*,699,3268
13999,8318-LRPW,269,3705
12169,2615DC-36*,219,3299
13832,8206NF-1,209,3665
12137,5428-S1,60,3291
12534,586S,30,3406
15851,5547S,32,4440
13902,8308-RCPW,249,3680
15920,1218DG-1,119,4460
12170,2615DC-24,70,3299
13994,8318-5R,349,3705
15066,5099-17,199,4226
13899,8308-CN,95,3680
13969,8329BLK-2,219,3700
13979,8336-CN,63,3703
14175,9723-2,299,3759
12139,5428-S3,75,3291
14196,9701BLK-2,125,3768
13915,8303-OT,99,3684
13144,2147SG-6,33,3523
13859,8490FBR-RC,218,3670
15109,H10125,109,4130
14146,9739CH-L,234,3750
12168,5425-40,299,3298
12730,1957-5,269,3467
14147,9739CH-R,235,3750
15119,8059-T,165,4265
15116,8077-T,165,4262
13067,1919-4,259,3514
11998,5544S,49,3250
12239,1828-92,335,3320
12078,1704A,140,3272
12063,1958-40,349,3268
11950,5531-112*,489,3235
13967,8329BRW-1,149,3699
12867,1706K-1CK,259,3486
12040,5456S,45,3262
13793,8239-1,199,3653
11963,5525DGS,50,3238
12005,5494-76*,299,3252
12409,5447-36XL*,269,3368
11953,5531-50*,999,3235
12263,5035SVE-24,28,3324
12069,1935-76*,499,3270
11958,5525-36,229,3237
12136,5428-45RD*,219,3291
12146,5411RF-82,209,3293
13519,5790K-1CK,129,3577
12596,5104,235,3431
12228,5100-S3,60,3317
12243,1828-40,369,3320
12568,710-40,289,3415
12093,5429-24ST,39,3277
12697,1968-1*,139,3463
12221,5115-92*,259,3315
14248,1270F3S,129,3815
12643,5438-1*,299,3456
15896,8225NGY-4,59,4452
12787,1916BK-4,139,3475
13998,8318-CR,340,3705
12244,1828-6,117,3320
12346,2547S,40,3349
13993,8318-5L,349,3705
12207,5155S,23,3309
14020,8480GRY-1PW,295,3709
14037,8308-3PW*,549,3715
12556,727-40,269,3412
12686,1977K-1CK,279,3462
12394,1149WHT,37,3362
14174,9723-3,319,3759
12757,1947-1*,399,3471
12758,1947-4,119,3471
12430,2516A,88,3372
12465,5302C-18,20,3384
14035,8326BRW-2,349,3714
14032,8326BLK-2,349,3713
14040,8300-3PW*,659,3716
12623,2042-1*,129,3452
12439,2447*,123,3375
12706,1967W-4,59,3464
12712,1961-1*,139,3465
12673,2046F-1*,159,3460
14041,8300-2PW*,639,3716
12358,2544-13,54,3351
12384,1157BRW,41,3359
12694,1977-7,369,3462
12502,1393BK-78,193,3396
12388,1156WHT,37,3360
13936,8327GY-3,215,3691
14039,8308-1PW,299,3715
12717,1958K-1CK,399,3466
12605,2458-36,209,3440
12762,1946K-1CK,549,3472
14034,8326BRW-3,369,3714
12748,1949K-1CK,299,3470
12494,3270-S1W,45,3393
12411,5447-24FAS,72,3368
12720,1958-4,139,3466
12558,710-24,57,3413
12629,2867K-1CK,219,3453
12989,1908-11,140,3503
13185,1896N-1*,115,3531
12974,1737KNGY-1CK,459,3502
12836,1717K-1CK,419,3482
12436,2456S,33,3374
12891,1714KBK-1CK,379,3489
13030,1927-1*,299,3509
12911,1883KN-1CK,249,3493
14669,3587-30,119,3961
12811,1866GY-4,185,3478
14109,8511BK-3,205,3738
13206,1867-4,269,3536
13083,1912-6,143,3516
12810,1866GY-1*,399,3478
13176,5789KN-1EK*,215,3529
13120,1916K-1EK*,389,3521
12784,1916KBK-1EK*,389,3475
12958,1904-1*,119,3500
12861,1707K-1EK*,329,3485
13071,1935PNK-1CK,599,3515
12843,1717-11,279,3482
12354,2544S,33,3351
12885,1714KW-1EK*,379,3488
12880,1704-5,529,3487
14472,2147BK-9,125,3896
12998,1844KDC-1EK*,399,3505
12801,1907KW-1CK,349,3477
13880,8230BLK-3,329,3676
13887,8480GRY-2LCN,269,3678
12827,1723-6,83,3480
12971,1915-6,43,3501
13048,1911-9,319,3511
12408,2466S,62,3367
12947,1936K-1CK,179,3499
12105,5470-13,65,3281
13088,1918-4,169,3517
13303,2147KW-1EK*,185,3549
13280,1811KW-1EK*,255,3546
13323,1810K-1EK*,285,3551
13385,2159K-1EK*,499,3560
14615,5438-30,119,3941
13558,1349K-1EK*,285,3583
14612,B2008TF-1*,359,3938
13515,1733-4,89,3576
13354,2243-6,115,3555
13249,1834K-1CK,499,3542
13268,1828-5,479,3544
12353,2544-64,123,3351
13170,1869-4,95,3528
13125,1916-6,113,3521
13639,2025-1HB,56,3599
13364,2243-11,329,3556
13565,1349-9,185,3583
13539,1356BK-15,0,3580
13645,1277F2S,119,3602
13451,2124K-1CK,389,3568
13693,8216SD-3,199,3621
13404,2146-4,62,3562
13295,1799K-1CK,399,3548
13485,1737KW-1CK,459,3572
14649,8079-30,85,3953
14101,1234-1,289,3735
13644,1277F1S,119,3602
14844,2601-31,82,4043
13816,8329CH-2,219,3660
13858,8490FBR-LR,168,3670
13324,1810-1*,205,3551
12437,2456-13,54,3374
13756,8245GY-3SL,329,3642
15852,5547-13,45,4440
13881,8230BLK-2,329,3676
14111,8511BK-1,135,3738
13795,8200BRW-2,479,3654
14185,9739-4,145,3764
14104,8518-2,155,3736
14670,3587-04,79,3961
14043,9734TP-3,205,3717
13317,2147BK-4,59,3550
13776,8234TT-3,279,3648
12943,2220-4,39,3498
13772,8380-1,189,3646
14420,1856-4,50,3888
13771,8380-2,269,3646
14047,9734DB-2,185,3718
12484,5327S,42,3389
14616,5438-04,99,3941
14114,9669FCP-AC,95,3740
13843,8212-LR,160,3668
12460,2434-48,41,3382
14116,9669FCP-CR,154,3740
13798,8200BRW-2PW,579,3655
13770,8380-3,289,3646
13811,8223BK-1PW,349,3658
11975,5516-66,121,3242
13996,8318-ARPW,250,3705
14015,8480RED-1,245,3708
14407,1386FPP-1*,329,3886
14317,B2053FFW-1*,265,3866
14488,2021FW-1,70,3899
12846,1711-1*,249,3483
14297,B2043SB-1*,349,3862
14199,9909BR-5,179,3769
15276,5162WW-24,39,4305
14418,1856T-1*,99,3888
14207,4501-F1,85,3774
14289,8555WHT-1,105,3856
14279,1191F1S,67,3846
15347,B2013DC-T,37,4327
14234,8209BR-3SC,199,3801
14274,1191F6S,71,3841
14369,1977-5,239,3879
14262,1255F1S,80,3829
12536,586-14,70,3406
15346,B2013DC-R,52,4327
14283,1193F1S,133,3850
14227,8213-1,119,3794
14214,1192BE,89,3781
12674,2046-4,69,3460
14594,4967BK-NT,149,3920
14321,B2053W-T,37,3866
14235,8208-3SC,199,3802
14358,2042-5,145,3877
14631,2952-04N,59,3946
14703,3224N-04,69,3973
12492,3270-24S1BK,49,3392
15301,5566-24WT,39,4310
14379,1708-4,99,3881
14618,5400-30,85,3942
14044,9734TP-2,185,3717
14290,8555BLK-1,105,3857
14302,B2043FF-1*,265,3863
14886,4501-F2,85,4066
15001,1212F1S,133,4181
14355,2039W-9,179,3876
12750,1949-1*,219,3470
14325,B2013DC-4,59,3867
14311,B2053W-9,109,3864
14356,2042T-1*,89,3877
13422,2145T-1*,79,3564
12531,586-13,60,3405
14790,3219-04,82,4002
15903,8250RN-3,199,4455
15893,8225NGY-3,215,4452
14316,B2053W-9,109,3865
15231,1904TGY-1*,99,4290
14343,2047TBK-1,49,3874
15222,1856TNG-1*,109,4289
14900,8327GY-1S,155,4080
15223,1856NG-4,59,4289
14241,8327GY-1S,155,3808
14441,1936-9,119,3891
14278,1191F3S,71,3845
14019,8480GRY-2,359,3709
12123,5435-24,55,3287
15536,MT-G12Q,249,4376
12397,1148RED,30,3363
14938,H11760,119,4118
14330,B2013DC-4,59,3868
15181,1753-6,42,4283
15182,1753-9,159,4283
15334,5614-13,49,4323
14506,B2013DC-4,59,3903
15380,8327DBR-2,195,4339
15773,5163-48,79,4413
15319,5602-24BK,50,4317
15206,1769-1*,249,4287
13221,1855-1*,125,3538
14487,2021TW-1,50,3899
15381,8327DBR-1,135,4339
15524,815N-1,79,4373
13161,2168WW-1*,619,3527
15292,5566-36*,109,4310
15523,815KN-1,109,4373
14305,B2043-R,52,3863
15245,1916GY-FBH,75,4291
12893,1714BK-1*,279,3489
15527,815N-1,79,4374
15269,4555BU,99,4301
15332,5614-72,139,4323
15333,5614S,39,4323
12863,1707-4,139,3485
15271,4555NV,99,4301
12931,1856-1*,105,3497
12834,1718GY-6,52,3481
13107,1928-5,239,3519
12894,1714BK-4,119,3489
15324,5604-24,28,4319
14086,8412-2,565,3731
12848,1711-4,99,3483
15236,1916KGY-1CK*,389,4291
15270,4555GY,99,4301
15515,1759-1,99,4369
14519,1356BK-9,170,3905
15320,5602-24WT,50,4317
15379,8327DBR-3,215,4339
15517,1759-1,99,4370
15781,5599S,29,4416
12311,5055-82,269,3339
13165,2168WW-9,444,3527
15335,5626-70,143,4324
15365,8260GY-ARPW,150,4335
12972,1915-9,249,3501
15369,8260GY-RRPW,185,4335
13849,8238-LC,189,3669
15336,5626S,39,4324
13163,2168WW-5,579,3527
15364,8260GY-AC,82,4335
15304,5576S,39,4311
15303,5576RD*,109,4311
14577,1386-9,225,3914
13141,2147TSG-1*,119,3523
14652,5428-30,179,3954
12985,1908-4,69,3503
14596,4966BR*,249,3922
13164,2168WW-6,137,3527
12526,586S,30,3404
15774,5163S,35,4413
13252,1834-4,119,3542
12969,1915-4,69,3501
14704,3224N-05,149,3973
13862,8229-ARPW,169,3671
15776,2456S,33,4414
12964,1904-9,124,3500
13186,1896FN-1*,115,3531
15367,8260GY-CR,145,4335
13254,1834-6,63,3542
13564,1349-6,49,3583
15366,8260GY-CN,50,4335
14600,4965W-NT,109,3926
15252,292B-9,279,4292
15368,8260GY-LRPW,185,4335
14661,3551-30,139,3958
14604,4962DB-NT,199,3930
12962,1904-5,151,3500
15263,3613-30,99,4298
13779,8233TT-3,299,3649
14751,3205-04,79,3989
14714,3224N-16,155,3976
14687,8412-30,279,3968
14695,3526-30,239,3971
14674,3256RF-04,69,3963
14336,2049F-1,89,3871
15264,3613-04,89,4298
14696,3526-04,185,3971
14440,1936-6,32,3891
13781,8233TT-5,249,3649
13780,8233TT-2,279,3649
15280,5415RF-04,119,4307
14298,B2043-R,52,3862
14453,2147SG-9,125,3893
13301,1799-9,289,3548
14747,3401W-30*,129,3988
15310,5581-84*,319,4314
14038,8308-2PW*,499,3715
14750,3205-30*,99,3989
13297,1799-1*,299,3548
14799,3299-04,125,4005
15337,5882K-1CK,149,4325
14424,2220T-1*,75,3889
13298,1799-4,149,3548
13871,8230BRW-2L,239,3673
15279,5415RF-30,199,4307
15354,8229-AC,99,4332
14430,2145T-1*,79,3890
15339,5882-1,109,4325
14454,2147SG-12,119,3893
13425,2145-6,32,3564
14676,3257RF-30,139,3964
15327,5608S,30,4320
15338,5882K-1EK,149,4325
15255,3590-05,119,4293
14716,3224N-30,99,3976
15313,5581-13,65,4314
15342,5885K-1EK*,249,4326
14847,4728AK,45,4046
13181,5789BK-1*,155,3530
14749,3401W-05*,129,3988
13848,8238-CR,179,3669
15289,5559NS,59,4309
15267,3614-05,99,4299
14888,4500-F3,37,4068
14484,1810-5,235,3898
15288,5559N-96*,319,4309
13352,2243-4,175,3555
15290,5559N-14A,169,4309
14118,9669FCP-RC,174,3740
15329,5609A,75,4321
13300,1799-6,83,3548
14883,4507-F1,75,4063
15328,5609-48*,249,4321
14770,5554-04,129,3996
13162,2168WW-4,240,3527
13851,8238-RC,189,3669
14485,1810-6,44,3898
15256,3600-31,169,4294
15268,3619-31,119,4300
12641,5438K-1CK,399,3456
14124,9668BRW-1,205,3742
15341,5885K-1CK*,249,4326
14122,9668BRW-3,339,3742
15265,3614-01,199,4299
15273,4976*,229,4303
15274,4977GY,159,4304
13279,1811KW-1CK,255,3546
15344,5885F-1*,199,4326
14483,1810-4,81,3898
14834,3224N-16,155,4033
14880,4521,349,4060
13737,8244BU-3,215,3636
14881,4520,349,4061
13360,2243-4,175,3556
15291,5559N-40,399,4309
15343,5885-1*,199,4326
13299,1799-5,339,3548
15282,5424K-1EK*,379,4308
14923,4614-F1,69,4103
15281,5424K-1CK*,379,4308
15010,4730PU,79,4190
15049,3228-15,209,4217
15258,3608-04,79,4295
13854,8490FBR-AR,135,3670
15016,469PU,79,4196
15048,3224N-16,155,4216
15283,5424-1*,279,4308
15013,4728BK,45,4193
14934,H10076,59,4114
15183,1762K-1CK*,279,4284
14127,9668BLK-1,205,3743
12763,1946K-1EK*,549,3472
15147,1711K-1CK*,319,4279
15177,1753K-1EK*,349,4283
15178,1753-1*,279,4283
15180,1753-5,199,4283
14480,2147W-12,119,3897
15175,1752-9,249,4282
15196,1766-9,220,4285
12738,1955-5,169,3468
15205,1769K-1EK*,319,4287
14851,469PU,79,4050
15221,1856FNG-1*,119,4289
15218,1856KNG-1CK*,169,4289
15155,1730K-1CK*,209,4280
15362,8256GY-LPW,594,4334
15363,8256GY-R,554,4334
14939,H11303,119,4119
15330,5613,119,4322
15331,5613S,39,4322
15003,1193F1S,133,4183
14890,4500-F1,37,4070
13836,8370BRW-3,279,3667
14932,4692-13,85,4112
14889,4500-F2,37,4069
13838,8370BRW-1,149,3667
14947,H11759,69,4127
15220,1856NG-1*,119,4289
15002,1212F2S,133,4182
14016,8480GRY-3PW,479,3709
15179,1753-4,79,4283
15176,1753K-1CK*,349,4283
13815,8329CH-3,239,3660
15410,1821-5,299,4344
15111,35800-T,109,4257
13159,2168KWW-1CK,719,3527
13822,8334DBR-2,329,3662
13726,8327BLK-L,138,3632
13990,8490-LR,168,3704
15403,1707-5,299,4343
12202,5167-96*,309,3308
13296,1799K-1EK*,399,3548
15412,1821-9,259,4344
13325,1810F-1*,205,3551
15387,5400-24SW,65,4341
15401,1707NP-1*,289,4343
15407,1821K-1EK*,499,4344
15032,5099-16,135,4205
15408,1821-1*,399,4344
13431,1737NC-5,309,3565
15395,1603-4,179,4342
15396,1603-5,369,4342
15414,1719K-1EK*,269,4345
15397,1603-6,102,4342
15390,5400-55,319,4341
15398,1603-9,299,4342
15391,5400-07,349,4341
13661,8367TP-4,50,3608
14193,9700BRW-2,259,3767
15073,8014-R,150,4228
15406,1821K-1CK*,499,4344
15399,1707KNP-1CK*,369,4343
13821,8334DBR-3,329,3662
12053,5267RFS,60,3266
15400,1707KNP-1EK*,369,4343
15404,1707NP-6,63,4343
15012,4728AK,45,4192
13965,8329BRW-3,239,3699
15413,1719K-1CK*,269,4345
13834,8206BRW-2,339,3666
12185,5268S,18,3302
15392,1603K-1CK*,599,4342
15393,1603K-1EK*,599,4342
15394,1603-1*,499,4342
13935,8327GY-1S,155,3690
15409,1821-4,125,4344
15411,1821-6,87,4344
13655,8226DB-4,75,3606
15653,1744-9,279,4392
15065,5099-16,135,4226
15442,5877KBR-1EKDW*,329,4350
15648,1744K-1EK*,309,4392
15475,5876GY-1DW*,239,4358
15444,5877FBR-1DW*,269,4350
15563,1757K-1CK*,549,4381
15649,1744-1*,239,4392
15490,5875KBE-1EK*,249,4362
15616,1706KLED-1CK*,299,4388
15501,5888K-1CK*,299,4365
15519,1761-1,99,4371
13837,8370BRW-2,279,3667
13933,8327BE-2,195,3690
15072,8014-L,150,4228
12215,5145WS,52,3313
15557,1606K-1EK*,399,4380
15474,5876KGY-1EKDW*,299,4358
15064,50990-T,139,4226
15502,5888K-1EK*,299,4365
15538,MT-G12CK,319,4376
15520,1761T-1,79,4371
15492,5875FBE-1*,199,4362
15683,1727KN-1CK*,219,4397
15504,5888F-1*,239,4365
15684,1727KN-1EK*,219,4397
15685,1727N-1*,169,4397
15647,1744K-1CK*,309,4392
12124,5435-24SW,65,3287
12154,5400A,49,3295
15476,5876FGY-1DW*,239,4358
15489,5875KBE-1CK*,249,4362
15623,1706-9,229,4388
15473,5876KGY-1CKDW*,299,4358
13852,8238-RR,149,3669
15617,1706KLED-1EK*,299,4388
15650,1744-4,119,4392
15558,1606-1*,299,4380
15559,1606-4,139,4380
15560,1606-5,269,4380
15561,1606-6,72,4380
15562,1606-9,219,4380
15488,5874FTE-1*,149,4361
15071,8014-T,175,4228
15464,5876FBR-1*,169,4355
13976,8334BLK-1,215,3702
15500,5875FGY-1*,199,4364
15468,5876FBR-1DW*,239,4356
15485,5874KTE-1CK*,189,4361
12153,5400-94*,299,3295
15427,2220DBR-6,22,4346
15074,8014-B,74,4228
15423,2220FDBR-1*,85,4346
15486,5874KTE-1EK*,189,4361
15570,1755K-1CK*,359,4382
12873,1706-6,52,3486
15467,5876BR-1DW*,239,4356
15461,5876KBR-1CK*,209,4355
15522,1761T-1,79,4372
15435,5877BE-1DW*,269,4348
15482,5874KNV-1EK*,189,4360
15498,5875KGY-1EK*,249,4364
15421,2220KDBR-1EK*,125,4346
13819,8210GRY-2,319,3661
12048,5328-96*,359,3265
15426,2220DBR-5,103,4346
15541,MT-G08Q,159,4377
15463,5876BR-1*,169,4355
12052,5267RFA,85,3266
15497,5875KGY-1CK*,249,4364
11945,5538WS,13,3232
15424,2220TDBR-1*,75,4346
13877,8230BLK-2L,239,3675
15462,5876KBR-1EK*,209,4355
15466,5876KBR-1EKDW*,299,4356
15481,5874KNV-1CK*,189,4360
15452,5877FGY-1DW*,269,4352
13794,8200BRW-3,499,3654
15484,5874FNV-1*,149,4360
15539,MT-G08T,99,4377
15545,1726-4,129,4378
15459,5876BE-1DW*,239,4354
15496,5875FBR-1*,199,4363
15470,5876KGY-1EK*,209,4357
15583,1933-9,299,4383
15448,5877FGY-1*,199,4351
15580,1933-4,129,4383
15447,5877GY-1*,199,4351
12051,5267RF-96*,309,3266
15438,5877KBR-1EK*,239,4349
13879,8230BLK-CR,170,3675
15480,5874FGY-1*,149,4359
15477,5874KGY-1CK*,189,4359
12381,1178BLK,51,3358
15581,1933-5,349,4383
15531,MT-G10Q,199,4375
15457,5876KBE-1CKDW*,299,4354
15593,1708KBK-1CK*,219,4385
13907,9789CF-4,59,3682
15446,5877KGY-1EK*,239,4351
12648,5415RFK-1CK,329,3457
15552,1605-4,149,4379
12475,5302A-29,22,3386
15532,MT-G10EK,269,4375
15582,1933-6,72,4383
15577,1933K-1CK*,549,4383
15518,1759T-1,79,4370
15516,1759T-1,79,4369
15493,5875KBR-1CK*,249,4363
15553,1605-5,289,4379
15494,5875KBR-1EK*,249,4363
15472,5876FGY-1*,169,4357
15554,1605-6,63,4379
15478,5874KGY-1EK*,189,4359
15529,MT-G10T,139,4375
15546,1726-5,299,4378
15555,1605-9,249,4379
15469,5876KGY-1CK*,209,4357
15495,5875BR-1*,199,4363
12640,5872N-1*,159,3455
15471,5876GY-1*,169,4357
15579,1933-1*,449,4383
15535,MT-G10CT,139,4375
15549,1605K-1CK*,449,4379
15550,1605K-1EK*,449,4379
15551,1605-1*,349,4379
13152,2615KDC-1EK*,549,3526
12854,1708-1*,169,3484
14027,8325BLK-1,229,3711
13985,8490-AC,115,3704
14671,3581-30,179,3962
14680,3533-04,99,3965
14429,2220-9,89,3889
13353,2243-5,415,3555
13361,2243-5,415,3556
15160,1730-6,52,4280
13516,1733-5,245,3576
14800,3299-05,165,4005
13401,2146K-1CK,159,3562
12319,2243-76*,433,3341
15722,1756K-1CK*,219,4402
12884,1714KW-1CK,379,3488
12728,1957-1*,249,3467
13402,2146K-1EK*,159,3562
13559,1349-1*,199,3583
12167,5425S,50,3298
14787,3219PU-01,229,4002
13064,1919K-1CK,699,3514
13239,1845-6,86,3540
13866,8229-RRPW,197,3671
14017,8480GRY-3,379,3709
14269,8404TP-1,115,3836
13424,2145-5,119,3564
12594,5050-36,209,3429
13892,8480BRW-2R,229,3679
13914,8303-LL,185,3684
13214,1866-4,175,3537
14721,3508-05,83,3978
13047,1911-6,93,3511
13865,8229-LRPW,197,3671
14679,3533-30,169,3965
14011,8480RED-3,379,3708
15728,1756-9,199,4402
15723,1756K-1EK*,219,4402
13492,1737W-11,249,3572
13679,8219-1,90,3616
15678,1604F-1*,229,4396
15590,1708BK-5,229,4384
15589,1708BK-4,99,4384
14784,5556-30,159,4001
15716,1919NC-4,259,4401
15675,1604K-1CK*,299,4396
15719,1919NC-9,449,4401
14846,4732PU,159,4045
15717,1919NC-5,599,4401
14743,5560-05,235,3986
13898,8308-ARPW,199,3680
13490,1737W-6,76,3572
15584,1708KBK-1CK*,219,4384
15592,1708BK-9,199,4384
13551,1422K-1EK*,289,3582
15718,1919NC-6,142,4401
12960,1904T-1*,99,3500
15715,1919NC-1*,599,4401
15602,1721K-1CK*,449,4386
13560,1349F-1*,199,3583
15709,1905-6,56,4400
15682,1604-9,219,4396
12849,1711-5,239,3483
15609,1779K-1CK*,299,4387
15610,1779K-1EK*,299,4387
15611,1779-1*,199,4387
15586,1708BK-1*,169,4384
13886,8480RED-CR,190,3677
13570,1385-4,132,3584
13890,8480GRY-CR,190,3678
15720,1919NC-14,59,4401
15588,1708TBK-1*,149,4384
15721,1919NC-15*,499,4401
15704,1905K-1CK*,259,4400
13903,8318-3PW*,699,3681
15676,1604K-1EK*,299,4396
15591,1708BK-6,53,4384
15706,1905-1*,179,4400
15714,1919KNC-1EK*,699,4401
13517,1733-6,56,3576
15585,1708KBK-1EK*,219,4384
13513,1733K-1EK*,235,3576
15740,1832-5,389,4404
14572,1386F-1*,225,3914
15738,1832-1*,449,4404
15697,1715K-1CK*,379,4399
14702,3224N-30,99,3973
14841,4727PU,155,4040
15698,1715K-1EK*,379,4399
15739,1832-4,129,4404
13514,1733-1*,165,3576
15663,1729-1*,329,4394
13563,1349-5,239,3583
15700,1715-4,109,4399
14653,5428-04,119,3954
15699,1715-1*,299,4399
13861,8229-AC,99,3671
15594,1708KBK-1EK*,219,4385
15736,1832K-1CK*,549,4404
14282,1212F2S,133,3849
13715,8235GY-R,144,3628
13704,8203GY-2,169,3624
15597,1708TBK-1*,149,4385
15742,1832-9,349,4404
14143,9636CC-3,335,3749
14129,9636-2,335,3744
14029,8325BRW-2,329,3712
15701,1715-5,319,4399
15661,1729K-1CK*,409,4394
13792,8239-2,259,3653
13712,8235SS-2,179,3627
15741,1832-6,83,4404
15662,1729K-1EK*,409,4394
15667,1729-9,319,4394
13981,8336-LC,218,3703
14231,8205CH-1,85,3798
14009,8480BRW-1,245,3707
15737,1832K-1EK*,549,4404
15703,1715-9,299,4399
12122,5435-36*,279,3287
13708,8203RD-1,129,3625
13753,8245BR-3,209,3641
15627,1743-4,119,4389
15628,1743-5,299,4389
12150,5438S,59,3294
14028,8325BRW-3,349,3712
13728,8327BLK-3,215,3633
14416,1386-11C,60,3887
15672,1745-5,269,4395
15641,1394N-1*,649,4391
15850,5547-78,121,4440
13695,8216SD-1,119,3621
14848,4728BK,45,4047
15644,1394N-6,113,4391
15629,1743-6,62,4389
15645,1394N-9,399,4391
15630,1743-9,220,4389
15654,1790K-1CK*,239,4393
15655,1790K-1EK*,239,4393
15656,1790-1*,179,4393
15657,1790-4,89,4393
15658,1790-5,279,4393
15659,1790-6,52,4393
15660,1790-9,250,4393
15670,1745-1*,259,4395
15635,1394-5,519,4390
15643,1394N-5,519,4391
15646,1394N-11,379,4391
15624,1743K-1CK*,399,4389
15638,1394-11,359,4390
15633,1394-1*,649,4390
15634,1394-4,259,4390
15625,1743K-1EK*,399,4389
15639,1394KN-1CK*,749,4391
15637,1394-9,369,4390
14985,4605BK,92,4165
15631,1394K-1CK*,749,4390
15626,1743-1*,299,4389
14337,2049T-1,69,3871
15748,5548-72,179,4406
15757,5569-78,169,4409
14999,1191F1S,67,4179
15753,5584S,49,4407
15784,5607-36RD,83,4418
15755,5492S,45,4408
15900,8289BU-3,199,4454
15744,1824A,100,4405
15756,5492-40,299,4408
12921,1885KN-1CK,199,3495
15747,1824-50*,899,4405
15227,1904KGY-1CK*,179,4290
15765,5514RDS,65,4410
15743,1824-112*,489,4405
15790,5550-32,89,4420
15734,1722-6,72,4403
13754,8245BR-2,189,3641
14229,8215BJ-1,119,3796
15758,5569A,45,4409
15760,5569-40,279,4409
15768,2528-64*,165,4412
15762,5514BUS,65,4410
15750,5548S,45,4406
15785,5607-24,24,4418
15752,5584,69,4407
12939,2220K-1EK*,125,3498
15731,1722-1*,249,4403
15688,1727N-6,43,4397
12821,1824-9,299,3479
15763,5514CHS,65,4410
15729,1722K-1CK*,329,4403
15689,1727N-9,169,4397
15733,1722-5,259,4403
15735,1722-9,249,4403
14944,H13475,69,4124
15754,5492-52,139,4408
14117,9669FCP-LL,244,3740
13828,8201BLK-2,299,3664
15764,5514GYS,65,4410
15730,1722K-1EK*,329,4403
12938,2220K-1CK,125,3498
15769,2528S,42,4412
15732,1722-4,119,4403
15749,5548A,75,4406
14018,8480GRY-2PW,459,3709
15382,8327DBR-CR,122,4340
15872,5597-53*,199,4446
13139,2147SG-1*,129,3523
13140,2147FSG-1*,129,3523
14067,8579DB-3,205,3725
14324,B2013PRDC-1*,199,3867
15802,1928-40,299,4427
12435,2456-64,147,3374
13955,8469-3,349,3696
15830,1916-84,279,4435
15831,1916S,55,4435
15832,1916-07,379,4435
15833,1916-50,399,4435
15822,5580-95,349,4433
15823,5580S,50,4433
13929,8327BLK-3,195,3689
15824,5580-40,349,4433
14050,9734BK-2,185,3719
15383,8327DBR-L,138,4340
12462,2423-36,141,3383
14095,8405BJ-2,289,3733
14097,8405BJ-4,75,3733
13934,8327BE-1,135,3690
14150,9715PU-2,155,3751
12944,2220-5,103,3498
13134,1845-5,340,3522
15813,1718GY-40,399,4430
13956,8469-2,329,3696
14133,8524RD-1,225,3745
15873,5597WTS,50,4446
15800,1928-78,179,4427
13938,8327GY-1,135,3691
15801,1928S,55,4427
14045,9734TP-1,145,3717
13137,2147KSG-1CK,185,3523
15384,8327DBR-R,138,4340
13905,8318-1PW,330,3681
14375,1955-5,169,3880
14352,2039W-4,89,3876
14165,9700FCP-3,279,3720
14218,1194TL,99,3785
14187,9734CH-2,185,3765
14186,9734CH-3,205,3765
14512,1349-6,49,3904
15858,5627W-36*,100,4442
12831,1718GY-1*,279,3481
12953,1936-5,149,3499
14376,1955-6,32,3880
14406,1386TPP-1*,289,3886
14351,2039TW-1*,149,3876
14151,9715PU-1,105,3751
14198,9909BR-3*,179,3769
13390,2159-6,76,3560
12887,1714W-4,119,3488
12666,2259GY-4,139,3459
15867,5585-40,249,4444
12530,586S,30,3405
13412,2147F-1*,109,3563
14219,1194CH,99,3786
14380,1708-5,229,3881
14197,9701BLK-1,95,3768
13423,2145-4,49,3564
13409,2147K-1EK*,165,3563
14131,8524RD-3,359,3745
13420,2145-1*,99,3564
14425,2220F-1*,85,3889
15157,1730-1*,149,4280
14381,1708-6,53,3881
13130,1845LED-1CK,469,3522
15859,5627W-24,45,4442
14213,1192BL,89,3780
15860,5627W-40,279,4442
15340,5882F-1,109,4325
14211,1192RN,89,3778
14462,B1799-R,129,3895
14448,2147TSG-1*,119,3893
15378,8327GY-R,138,4338
15843,5562RF-54*,199,4438
12987,1908-6,33,3503
15352,1296F2S,139,4330
15845,5562S,59,4438
15353,1296F1S,139,4331
14475,2147FW-1*,129,3897
13305,2147FW-1*,129,3549
15316,5600-36RD*,91,4316
13238,1845-5,340,3540
15326,5608-76,99,4320
14632,2952-05,79,3946
14443,1904F-1*,119,3892
14897,1192BL,89,4077
13121,1916-1*,299,3521
13143,2147SG-5,139,3523
12180,5473-103*,279,3301
15149,1711-1*,249,4279
13932,8327BE-3,215,3690
13123,1916-4,139,3521
15164,1730GY-1*,149,4281
15158,1730-4,79,4280
15844,5562RF-A2,99,4438
14644,3534-04,89,3951
14655,1935-30,199,3955
14657,1935-05,199,3955
15253,3590-30,119,4293
15317,5600-24,27,4316
15376,8327GY-CR,122,4338
15377,8327GY-L,138,4338
15817,1978W-50*,899,4431
14471,2147BK-6,33,3896
15861,5627W-72,199,4443
12785,1916BK-1*,299,3475
15868,5555-72*,279,4445
15869,5555A,55,4445
15348,B2013DC-4,59,4327
15836,1715-BH,149,4436
15230,1904FGY-1*,119,4290
14492,2147F-1*,109,3901
14195,9701BLK-3,150,3768
15848,5562S,59,4439
13124,1916-5,299,3521
12181,5473A,65,3301
14496,2147-9,100,3901
12895,1714BK-5,249,3489
15862,5627WS,40,4443
15870,5555-13*,129,4445
15165,1730GY-4,79,4281
14502,B2013TFDC-1*,209,3903
13105,1928-1*,199,3519
15041,4514-15,75,4209
15863,5627W-13,50,4443
14895,1192RN,89,4075
13388,2159-4,145,3560
15871,5555-40,329,4445
14928,4742PU,89,4108
15864,5627W-40,279,4443
14465,B1799-6,73,3895
15815,1978WA,105,4431
15816,1978WS,100,4431
15814,1978W-112,389,4431
15112,35810-T60,249,4258
14309,B2053PRW-1*,199,3864
14307,B2043-4,59,3863
15405,1707-9,259,4343
15309,5581-40,349,4313
12133,5409-78,179,3290
15361,8256-R,554,4333
14300,B2043-4,59,3862
15402,1707-4,139,4343
11941,5546S,55,3231
12288,17811*,130,3332
14312,B2053SBW-1*,349,3865
15825,5424-78*,269,4434
15237,1916KGY-1EK*,389,4291
12280,5034RUTS,38,3329
14760,5543-30,229,3993
15294,5566-29BK,42,4310
15034,3224N-05,149,4206
15305,5577GY-72*,231,4312
15306,5178GYS,36,4312
12258,710-40,289,3323
15297,5566-24GY,39,4310
15298,5566-29GY,42,4310
15186,1762-4,69,4284
15251,292B-6,72,4292
15259,3608SV-01,109,4296
15302,5566-29WT,42,4310
15299,5566-24RD,39,4310
14296,B2043-9,109,3861
14922,4614-F3,69,4102
15243,1916GY-14,34,4291
15257,3608-01,109,4295
15360,8256-LPW,594,4333
15240,1916GY-5,299,4291
15293,5566-24BK,39,4310
15826,5424A,59,4434
15827,5424S,50,4434
15828,5424-13,69,4434
15829,5424-40,349,4434
15249,292B-4,139,4292
12101,586GY-14,76,3280
12259,5035BLK-18,20,3324
15244,1916GY-15*,365,4291
14350,2039FW-1*,179,3876
13313,2147KBK-1EK*,185,3550
12913,1883N-1*,199,3493
12817,1824-1*,499,3479
12690,1977-4,109,3462
14308,B2043-9,109,3863
15247,292BK-1EK*,479,4292
12564,710-40,289,3414
15456,5876FBE-1*,169,4353
15510,5880KDB-1EK,159,4367
14590,4971*,249,3916
15454,5876KBE-1EK*,209,4353
12560,710-40,289,3413
12624,2042F-1*,109,3452
15620,1706-4,99,4388
15622,1706-6,52,4388
15009,4730NF,99,4189
15621,1706-5,249,4388
13197,1890N-1*,99,3534
15451,5877GY-1DW*,269,4352
13669,8378GRY-R,149,3613
15254,3590-04,69,4293
12562,710WS,52,3414
12600,2514BK-36,239,3435
14301,B2043-9,109,3862
15248,292B-1*,399,4292
15314,5581-40,349,4314
15619,1706FLED-1*,229,4388
12820,1824-6,122,3479
13533,1356FBK-1*,169,3580
14436,1936T-1*,109,3891
13534,1356TBK-1*,159,3580
14477,2147W-5,139,3897
13327,1810-4,81,3551
14617,5438-05,119,3941
13174,1869-12,219,3528
14306,B2043-T,37,3863
13034,1927-9,299,3509
14365,2046-9,179,3878
15513,1758-1,99,4368
13157,2615DC-9,289,3526
15148,1711K-1EK*,319,4279
13489,1737W-5,309,3572
15576,1755-9,199,4382
15543,1726K-1EK*,469,4378
15487,5874TE-1*,149,4361
15542,1726K-1CK*,469,4378
15432,5877FBE-1*,199,4347
15436,5877FBE-1DW*,269,4348
13129,1916-FBH,75,3521
12980,1737NGY-9,259,3502
12978,1737NGY-5,309,3502
15514,1758T-1,79,4368
15573,1755-4,89,4382
15575,1755-6,63,4382
15572,1755-1*,279,4382
14295,B2043-4,59,3861
13173,1869-9,200,3528
15425,2220DBR-4,39,4346
15574,1755-5,219,4382
15571,1755K-1EK*,359,4382
15445,5877KGY-1CK*,239,4351
15818,5673GY-84,199,4432
14445,1904-5,151,3892
15819,5673GYA,50,4432
15820,5673GYS,45,4432
15821,5673GY-40,299,4432
15607,1721-6,63,4386
15420,2220KDBR-1CK*,125,4346
15612,1779-4,119,4387
14609,4829DB*,159,3935
15458,5876KBE-1EKDW*,299,4354
15603,1721K-1EK*,449,4386
15608,1721-9,269,4386
15687,1727N-5,229,4397
15460,5876FBE-1DW*,239,4354
14428,2220-6,22,3889
15161,1730-9,189,4280
14757,5553-01,149,3992
15509,5880KDB-1CK,159,4367
15556,1606K-1CK*,399,4380
15686,1727N-4,89,4397
14006,8480BRW-2PW,459,3707
14682,3588-30,109,3966
15725,1756-4,99,4402
15499,5875GY-1*,199,4364
15745,1824S,90,4405
15746,1824-40,449,4405
15440,5877FBR-1*,199,4349
13307,2147W-4,59,3549
14733,3228-04,95,3983
15727,1756-6,43,4402
13757,8245GY-3,209,3642
15613,1779-5,309,4387
14093,8405BJ-3SL,409,3733
15441,5877KBR-1CKDW*,329,4350
15437,5877KBR-1CK*,239,4349
15217,1788-9,219,4288
15606,1721-5,289,4386
15766,5575,99,4411
15614,1779-6,72,4387
15615,1779-9,250,4387
15726,1756-5,259,4402
15604,1721-1*,349,4386
15724,1756-1*,149,4402
15806,5545-40,349,4428
14643,3534-30,139,3951
15751,5548-13,69,4406
15708,1905-5,265,4400
12349,2546S,56,3350
14046,9734DB-3,205,3718
14786,5556-05,159,4001
15419,1719-9,179,4345
14737,3217PUS,129,3984
12188,2546-50*,479,3303
14049,9734BK-3,205,3719
13847,8238-CN,60,3669
14719,3508-30,83,3978
15632,1394K-1EK*,749,4390
13387,2159F-1*,399,3560
12250,1808-112*,459,3322
15674,1745-9,269,4395
15803,5545-112*,339,4428
15705,1905K-1EK*,259,4400
15780,5599-71*,209,4416
12668,2259GY-6,62,3459
15587,1708FBK-1*,169,4384
15777,2456-13,54,4414
15668,1745K-1CK*,339,4395
15680,1604-5,229,4396
15805,5545S,65,4428
15711,1905-15*,365,4400
15712,1905-14,34,4400
14736,3217PU*,115,3984
12255,710-72TR*,257,3323
13148,2024T-1HB,50,3524
15707,1905-4,99,4400
15677,1604-1*,229,4396
15681,1604-6,42,4396
14025,8325BLK-3,349,3711
12602,2458,209,3437
15710,1905-9,199,4400
15866,5585S,45,4444
15775,2456-64WM,153,4414
15789,5536-50*,579,4419
13807,8223DB-2PW*,539,3657
15786,5536-102,239,4419
15596,1708FBK-1*,169,4385
12645,5438-5,239,3456
13755,8245BR-1,139,3641
15788,5536S,55,4419
15857,5547-40,219,4441
12644,5438-4,119,3456
14363,2046-5,179,3878
13937,8327GY-2,195,3691
15778,5595GY-87,153,4415
13984,8336-RR,168,3703
14459,B1799-9,229,3894
15640,1394KN-1EK*,749,4391
13995,8318-AC,160,3705
14232,8237PU-1PW,119,3799
15669,1745K-1EK*,339,4395
14896,1192GY,89,4076
15135,3224N-04,69,3976
15894,8225NGY-2,195,4452
15779,5595GYS,24,4415
15787,5536A,60,4419
15865,5585-78,239,4444
13694,8216SD-2,179,3621
14094,8405BJ-3,309,3733
12094,5429-36RD,119,3278
14862,1234-1,289,4055
14362,2046-4,69,3878
15642,1394N-4,269,4391
13864,8229-CR,177,3671
15796,1133-24S,71,4425
13692,8204-2,199,3620
13883,8480RED-2LCN,269,3677
15847,5562-96*,289,4439
14458,B1799-4,109,3894
14732,3228-30,179,3983
15835,1715S,60,4436
15876,5568S,39,4447
15874,5568-78,143,4447
13845,8238-AC,100,3669
14576,1386-6,75,3914
15877,5568-40,279,4447
15853,5547-40,219,4440
15807,5589-90*,267,4429
14468,2147FBK-1*,129,3896
14460,B1799T-1*,199,3895
14212,1192GY,89,3779
12486,5445BKS,26,3390
15808,5589S,52,4429
15810,5589-40M,299,4429
14769,5554-30,189,3996
15834,1715-94,359,4436
13648,9789BRG-3LC,195,3604
14466,B1799-9,229,3895
13562,1349-4,103,3583
15839,1715-36,279,4437
15296,5566-29BR,42,4310
12301,5056A,52,3337
15037,3224N-30,99,4206
13863,8229-CN,59,3671
15809,5589-13,65,4429
14463,B1799-4,109,3895
15875,5568A,45,4447
13884,8480RED-2R,229,3677
14510,1349-4,103,3904
12585,5511-36,199,3420
14447,1904-9,124,3892
15449,5877KGY-1CKDW*,329,4352
13156,2615DC-6,56,3526
13153,2615DC-1*,449,3526
12718,1958K-1EK*,399,3466
15804,5545A,75,4428
13750,8207-2,239,3640
15357,8229-CR,177,4332
15358,8229-LRPW,197,4332
15359,8229-RRPW,197,4332
15356,8229-CN,59,4332
14328,B2013DC-R,52,3868
15696,1728-9,199,4398
13749,8207-3,279,3640
14722,3447-30,135,3979
15428,2220DBR-9,89,4346
14353,2039W-5,189,3876
13154,2615DC-4,149,3526
12955,1936-9,119,3499
14815,3561-31*,149,4014
14123,9668BRW-2,339,3742
13168,1869K-1EK*,369,3528
14597,4966*,249,3923
13389,2159-5,310,3560
14505,B2013DC-T,37,3903
12599,5447-29S,75,3434
12525,586-82,159,3404
13872,8230BRW-2RCN,289,3673
12520,586S,30,3402
14941,H11297,109,4121
